{
  "v": "5.5.9",
  "fr": 30,
  "ip": 0,
  "op": 60,
  "w": 1080,
  "h": 1080,
  "nm": "haha",
  "ddd": 0,
  "assets": [
    {
      "id": "image_0",
      "w": 1048,
      "h": 1105,
      "u": "animation13/",
      "p": "img_0.png",
      "e": 0
    },
    {
      "id": "image_1",
      "w": 183,
      "h": 946,
      "u": "animation13/",
      "p": "img_1.png",
      "e": 0
    }
  ],
  "layers": [
    {
      "ddd": 0,
      "ind": 1,
      "ty": 2,
      "nm": "rocket4.png",
      "cl": "png",
      "refId": "image_0",
      "sr": 1,
      "ks": {
        "o": {
          "a": 1,
          "k": [
            {
              "i": {
                "x": [
                  0.667
                ],
                "y": [
                  1
                ]
              },
              "o": {
                "x": [
                  0.333
                ],
                "y": [
                  0
                ]
              },
              "t": 39,
              "s": [
                100
              ]
            },
            {
              "t": 46,
              "s": [
                4
              ]
            }
          ],
          "ix": 11
        },
        "r": {
          "a": 0,
          "k": -20,
          "ix": 10
        },
        "p": {
          "a": 0,
          "k": [
            447.444,
            508.24,
            0
          ],
          "ix": 2
        },
        "a": {
          "a": 0,
          "k": [
            524,
            552.5,
            0
          ],
          "ix": 1
        },
        "s": {
          "a": 1,
          "k": [
            {
              "i": {
                "x": [
                  0.667,
                  0.667,
                  0.667
                ],
                "y": [
                  1,
                  1,
                  1
                ]
              },
              "o": {
                "x": [
                  0.333,
                  0.333,
                  0.333
                ],
                "y": [
                  0,
                  0,
                  0
                ]
              },
              "t": 34,
              "s": [
                0,
                0,
                100
              ]
            },
            {
              "t": 46,
              "s": [
                45,
                45,
                100
              ]
            }
          ],
          "ix": 6
        }
      },
      "ao": 0,
      "ip": 34,
      "op": 47,
      "st": 24,
      "bm": 0
    },
    {
      "ddd": 0,
      "ind": 2,
      "ty": 2,
      "nm": "rocket.png",
      "cl": "png",
      "refId": "image_1",
      "sr": 1,
      "ks": {
        "o": {
          "a": 0,
          "k": 100,
          "ix": 11
        },
        "r": {
          "a": 1,
          "k": [
            {
              "i": {
                "x": [
                  0.833
                ],
                "y": [
                  0.833
                ]
              },
              "o": {
                "x": [
                  0.167
                ],
                "y": [
                  0.167
                ]
              },
              "t": 15,
              "s": [
                -28
              ]
            },
            {
              "t": 40,
              "s": [
                44
              ]
            }
          ],
          "ix": 10
        },
        "p": {
          "a": 1,
          "k": [
            {
              "i": {
                "x": 0.667,
                "y": 0.555
              },
              "o": {
                "x": 0.333,
                "y": 0
              },
              "t": 15,
              "s": [
                260,
                1224.75,
                0
              ],
              "to": [
                -77.739,
                -65.657,
                0
              ],
              "ti": [
                -253.932,
                195.126,
                0
              ]
            },
            {
              "t": 40,
              "s": [
                462.305,
                486.547,
                0
              ]
            }
          ],
          "ix": 2
        },
        "a": {
          "a": 0,
          "k": [
            91.5,
            473,
            0
          ],
          "ix": 1
        },
        "s": {
          "a": 0,
          "k": [
            10,
            10,
            100
          ],
          "ix": 6
        }
      },
      "ao": 0,
      "ip": 15,
      "op": 38,
      "st": 15,
      "bm": 0
    },
    {
      "ddd": 0,
      "ind": 3,
      "ty": 2,
      "nm": "rocket4.png",
      "cl": "png",
      "refId": "image_0",
      "sr": 1,
      "ks": {
        "o": {
          "a": 1,
          "k": [
            {
              "i": {
                "x": [
                  0.667
                ],
                "y": [
                  1
                ]
              },
              "o": {
                "x": [
                  0.333
                ],
                "y": [
                  0
                ]
              },
              "t": 52.417,
              "s": [
                100
              ]
            },
            {
              "t": 60,
              "s": [
                4
              ]
            }
          ],
          "ix": 11
        },
        "r": {
          "a": 0,
          "k": -20,
          "ix": 10
        },
        "p": {
          "a": 0,
          "k": [
            795.444,
            284.24,
            0
          ],
          "ix": 2
        },
        "a": {
          "a": 0,
          "k": [
            524,
            552.5,
            0
          ],
          "ix": 1
        },
        "s": {
          "a": 1,
          "k": [
            {
              "i": {
                "x": [
                  0.667,
                  0.667,
                  0.667
                ],
                "y": [
                  1,
                  1,
                  1
                ]
              },
              "o": {
                "x": [
                  0.333,
                  0.333,
                  0.333
                ],
                "y": [
                  0,
                  0,
                  0
                ]
              },
              "t": 47,
              "s": [
                0,
                0,
                100
              ]
            },
            {
              "t": 60,
              "s": [
                39,
                39,
                100
              ]
            }
          ],
          "ix": 6
        }
      },
      "ao": 0,
      "ip": 47,
      "op": 60,
      "st": 37,
      "bm": 0
    },
    {
      "ddd": 0,
      "ind": 4,
      "ty": 2,
      "nm": "rocket.png",
      "cl": "png",
      "refId": "image_1",
      "sr": 1,
      "ks": {
        "o": {
          "a": 0,
          "k": 100,
          "ix": 11
        },
        "r": {
          "a": 1,
          "k": [
            {
              "i": {
                "x": [
                  0.667
                ],
                "y": [
                  1
                ]
              },
              "o": {
                "x": [
                  0.333
                ],
                "y": [
                  0
                ]
              },
              "t": 30,
              "s": [
                -12
              ]
            },
            {
              "t": 57,
              "s": [
                -62
              ]
            }
          ],
          "ix": 10
        },
        "p": {
          "a": 1,
          "k": [
            {
              "i": {
                "x": 0.667,
                "y": 1
              },
              "o": {
                "x": 0.333,
                "y": 0
              },
              "t": 30,
              "s": [
                1306,
                1060.75,
                0
              ],
              "to": [
                -25.333,
                -206.667,
                0
              ],
              "ti": [
                397.333,
                150.667,
                0
              ]
            },
            {
              "t": 57,
              "s": [
                712.7,
                252.75,
                0
              ]
            }
          ],
          "ix": 2
        },
        "a": {
          "a": 0,
          "k": [
            91.5,
            473,
            0
          ],
          "ix": 1
        },
        "s": {
          "a": 0,
          "k": [
            10,
            10,
            100
          ],
          "ix": 6
        }
      },
      "ao": 0,
      "ip": 30,
      "op": 51,
      "st": 30,
      "bm": 0
    },
    {
      "ddd": 0,
      "ind": 5,
      "ty": 2,
      "nm": "rocket4.png",
      "cl": "png",
      "refId": "image_0",
      "sr": 1,
      "ks": {
        "o": {
          "a": 1,
          "k": [
            {
              "i": {
                "x": [
                  0.667
                ],
                "y": [
                  1
                ]
              },
              "o": {
                "x": [
                  0.333
                ],
                "y": [
                  0
                ]
              },
              "t": 29.083,
              "s": [
                100
              ]
            },
            {
              "t": 39,
              "s": [
                4
              ]
            }
          ],
          "ix": 11
        },
        "r": {
          "a": 0,
          "k": -20,
          "ix": 10
        },
        "p": {
          "a": 0,
          "k": [
            297.444,
            230.24,
            0
          ],
          "ix": 2
        },
        "a": {
          "a": 0,
          "k": [
            524,
            552.5,
            0
          ],
          "ix": 1
        },
        "s": {
          "a": 1,
          "k": [
            {
              "i": {
                "x": [
                  0.667,
                  0.667,
                  0.667
                ],
                "y": [
                  1,
                  1,
                  1
                ]
              },
              "o": {
                "x": [
                  0.333,
                  0.333,
                  0.333
                ],
                "y": [
                  0,
                  0,
                  0
                ]
              },
              "t": 22,
              "s": [
                0,
                0,
                100
              ]
            },
            {
              "t": 39,
              "s": [
                50,
                50,
                100
              ]
            }
          ],
          "ix": 6
        }
      },
      "ao": 0,
      "ip": 22,
      "op": 39,
      "st": 12,
      "bm": 0
    },
    {
      "ddd": 0,
      "ind": 6,
      "ty": 2,
      "nm": "rocket.png",
      "cl": "png",
      "refId": "image_1",
      "sr": 1,
      "ks": {
        "o": {
          "a": 0,
          "k": 100,
          "ix": 11
        },
        "r": {
          "a": 1,
          "k": [
            {
              "i": {
                "x": [
                  0.667
                ],
                "y": [
                  1
                ]
              },
              "o": {
                "x": [
                  0.333
                ],
                "y": [
                  0
                ]
              },
              "t": 0,
              "s": [
                -12
              ]
            },
            {
              "t": 37,
              "s": [
                -62
              ]
            }
          ],
          "ix": 10
        },
        "p": {
          "a": 1,
          "k": [
            {
              "i": {
                "x": 0.667,
                "y": 1
              },
              "o": {
                "x": 0.333,
                "y": 0
              },
              "t": 0,
              "s": [
                806,
                1180.75,
                0
              ],
              "to": [
                -25.333,
                -206.667,
                0
              ],
              "ti": [
                397.333,
                150.667,
                0
              ]
            },
            {
              "t": 37,
              "s": [
                94.7,
                88.75,
                0
              ]
            }
          ],
          "ix": 2
        },
        "a": {
          "a": 0,
          "k": [
            91.5,
            473,
            0
          ],
          "ix": 1
        },
        "s": {
          "a": 0,
          "k": [
            10,
            10,
            100
          ],
          "ix": 6
        }
      },
      "ao": 0,
      "ip": 0,
      "op": 26,
      "st": 0,
      "bm": 0
    }
  ],
  "markers": []
}