{
  "v": "5.5.9",
  "fr": 30,
  "ip": 0,
  "op": 60,
  "w": 1080,
  "h": 1080,
  "nm": "pati",
  "ddd": 0,
  "assets": [
    {
      "id": "image_0",
      "w": 598,
      "h": 598,
      "u": "animation31/",
      "p": "img_0.png",
      "e": 0
    },
    {
      "id": "comp_0",
      "layers": [
        {
          "ddd": 0,
          "ind": 1,
          "ty": 0,
          "nm": "Vector Smart Object.png Comp 1",
          "cl": "png",
          "refId": "comp_1",
          "sr": 1,
          "ks": {
            "o": {
              "a": 1,
              "k": [
                {
                  "i": {
                    "x": [
                      0.667
                    ],
                    "y": [
                      1
                    ]
                  },
                  "o": {
                    "x": [
                      0.333
                    ],
                    "y": [
                      0
                    ]
                  },
                  "t": 3,
                  "s": [
                    40
                  ]
                },
                {
                  "i": {
                    "x": [
                      0.667
                    ],
                    "y": [
                      1
                    ]
                  },
                  "o": {
                    "x": [
                      0.333
                    ],
                    "y": [
                      0
                    ]
                  },
                  "t": 6,
                  "s": [
                    100
                  ]
                },
                {
                  "i": {
                    "x": [
                      0.667
                    ],
                    "y": [
                      1
                    ]
                  },
                  "o": {
                    "x": [
                      0.333
                    ],
                    "y": [
                      0
                    ]
                  },
                  "t": 8,
                  "s": [
                    20
                  ]
                },
                {
                  "i": {
                    "x": [
                      0.667
                    ],
                    "y": [
                      1
                    ]
                  },
                  "o": {
                    "x": [
                      0.333
                    ],
                    "y": [
                      0
                    ]
                  },
                  "t": 19,
                  "s": [
                    57
                  ]
                },
                {
                  "i": {
                    "x": [
                      0.667
                    ],
                    "y": [
                      1
                    ]
                  },
                  "o": {
                    "x": [
                      0.333
                    ],
                    "y": [
                      0
                    ]
                  },
                  "t": 26,
                  "s": [
                    100
                  ]
                },
                {
                  "i": {
                    "x": [
                      0.667
                    ],
                    "y": [
                      1
                    ]
                  },
                  "o": {
                    "x": [
                      0.333
                    ],
                    "y": [
                      0
                    ]
                  },
                  "t": 28,
                  "s": [
                    40
                  ]
                },
                {
                  "i": {
                    "x": [
                      0.667
                    ],
                    "y": [
                      1
                    ]
                  },
                  "o": {
                    "x": [
                      0.333
                    ],
                    "y": [
                      0
                    ]
                  },
                  "t": 39,
                  "s": [
                    40
                  ]
                },
                {
                  "i": {
                    "x": [
                      0.667
                    ],
                    "y": [
                      1
                    ]
                  },
                  "o": {
                    "x": [
                      0.333
                    ],
                    "y": [
                      0
                    ]
                  },
                  "t": 42,
                  "s": [
                    100
                  ]
                },
                {
                  "i": {
                    "x": [
                      0.667
                    ],
                    "y": [
                      1
                    ]
                  },
                  "o": {
                    "x": [
                      0.333
                    ],
                    "y": [
                      0
                    ]
                  },
                  "t": 44,
                  "s": [
                    20
                  ]
                },
                {
                  "i": {
                    "x": [
                      0.667
                    ],
                    "y": [
                      1
                    ]
                  },
                  "o": {
                    "x": [
                      0.333
                    ],
                    "y": [
                      0
                    ]
                  },
                  "t": 53,
                  "s": [
                    20
                  ]
                },
                {
                  "t": 60,
                  "s": [
                    100
                  ]
                }
              ],
              "ix": 11
            },
            "r": {
              "a": 1,
              "k": [
                {
                  "i": {
                    "x": [
                      0.667
                    ],
                    "y": [
                      1
                    ]
                  },
                  "o": {
                    "x": [
                      0.333
                    ],
                    "y": [
                      0
                    ]
                  },
                  "t": 0,
                  "s": [
                    0
                  ]
                },
                {
                  "t": 60,
                  "s": [
                    1440
                  ]
                }
              ],
              "ix": 10
            },
            "p": {
              "a": 1,
              "k": [
                {
                  "i": {
                    "x": 0.667,
                    "y": 1
                  },
                  "o": {
                    "x": 0.333,
                    "y": 0
                  },
                  "t": 0,
                  "s": [
                    170,
                    -36,
                    0
                  ],
                  "to": [
                    0,
                    193.333,
                    0
                  ],
                  "ti": [
                    0,
                    -193.333,
                    0
                  ]
                },
                {
                  "t": 60,
                  "s": [
                    170,
                    1124,
                    0
                  ]
                }
              ],
              "ix": 2
            },
            "a": {
              "a": 0,
              "k": [
                299,
                299,
                0
              ],
              "ix": 1
            },
            "s": {
              "a": 0,
              "k": [
                6,
                6,
                100
              ],
              "ix": 6
            }
          },
          "ao": 0,
          "w": 598,
          "h": 598,
          "ip": 0,
          "op": 90,
          "st": 0,
          "bm": 0
        },
        {
          "ddd": 0,
          "ind": 2,
          "ty": 4,
          "nm": "Shape Layer 1",
          "sr": 1,
          "ks": {
            "o": {
              "a": 0,
              "k": 100,
              "ix": 11
            },
            "r": {
              "a": 0,
              "k": 0,
              "ix": 10
            },
            "p": {
              "a": 0,
              "k": [
                540,
                540,
                0
              ],
              "ix": 2
            },
            "a": {
              "a": 0,
              "k": [
                0,
                0,
                0
              ],
              "ix": 1
            },
            "s": {
              "a": 0,
              "k": [
                100,
                100,
                100
              ],
              "ix": 6
            }
          },
          "ao": 0,
          "shapes": [
            {
              "ty": "gr",
              "it": [
                {
                  "ty": "rc",
                  "d": 1,
                  "s": {
                    "a": 0,
                    "k": [
                      127.43,
                      144.289
                    ],
                    "ix": 2
                  },
                  "p": {
                    "a": 0,
                    "k": [
                      0,
                      0
                    ],
                    "ix": 3
                  },
                  "r": {
                    "a": 0,
                    "k": 0,
                    "ix": 4
                  },
                  "nm": "Rectangle Path 1",
                  "mn": "ADBE Vector Shape - Rect",
                  "hd": false
                },
                {
                  "ty": "tr",
                  "p": {
                    "a": 0,
                    "k": [
                      -340.285,
                      -187.855
                    ],
                    "ix": 2
                  },
                  "a": {
                    "a": 0,
                    "k": [
                      0,
                      0
                    ],
                    "ix": 1
                  },
                  "s": {
                    "a": 0,
                    "k": [
                      100,
                      100
                    ],
                    "ix": 3
                  },
                  "r": {
                    "a": 0,
                    "k": 0,
                    "ix": 6
                  },
                  "o": {
                    "a": 0,
                    "k": 100,
                    "ix": 7
                  },
                  "sk": {
                    "a": 0,
                    "k": 0,
                    "ix": 4
                  },
                  "sa": {
                    "a": 0,
                    "k": 0,
                    "ix": 5
                  },
                  "nm": "Transform"
                }
              ],
              "nm": "Rectangle 1",
              "np": 3,
              "cix": 2,
              "bm": 0,
              "ix": 1,
              "mn": "ADBE Vector Group",
              "hd": false
            }
          ],
          "ip": 0,
          "op": 90,
          "st": 0,
          "bm": 0
        }
      ]
    },
    {
      "id": "comp_1",
      "layers": [
        {
          "ddd": 0,
          "ind": 1,
          "ty": 2,
          "nm": "Vector Smart Object.png",
          "cl": "png",
          "refId": "image_0",
          "sr": 1,
          "ks": {
            "o": {
              "a": 0,
              "k": 100,
              "ix": 11
            },
            "r": {
              "a": 0,
              "k": 0,
              "ix": 10
            },
            "p": {
              "a": 0,
              "k": [
                299,
                299,
                0
              ],
              "ix": 2
            },
            "a": {
              "a": 0,
              "k": [
                299,
                299,
                0
              ],
              "ix": 1
            },
            "s": {
              "a": 0,
              "k": [
                100,
                100,
                100
              ],
              "ix": 6
            }
          },
          "ao": 0,
          "ip": 0,
          "op": 90,
          "st": 0,
          "bm": 0
        }
      ]
    }
  ],
  "layers": [
    {
      "ddd": 0,
      "ind": 1,
      "ty": 0,
      "nm": "1",
      "refId": "comp_0",
      "sr": 1,
      "ks": {
        "o": {
          "a": 0,
          "k": 100,
          "ix": 11
        },
        "r": {
          "a": 0,
          "k": 0,
          "ix": 10
        },
        "p": {
          "a": 0,
          "k": [
            1060,
            540,
            0
          ],
          "ix": 2
        },
        "a": {
          "a": 0,
          "k": [
            540,
            540,
            0
          ],
          "ix": 1
        },
        "s": {
          "a": 0,
          "k": [
            100,
            100,
            100
          ],
          "ix": 6
        }
      },
      "ao": 0,
      "w": 1080,
      "h": 1080,
      "ip": 0,
      "op": 14,
      "st": -47,
      "bm": 0
    },
    {
      "ddd": 0,
      "ind": 2,
      "ty": 0,
      "nm": "1",
      "refId": "comp_0",
      "sr": 1,
      "ks": {
        "o": {
          "a": 0,
          "k": 100,
          "ix": 11
        },
        "r": {
          "a": 0,
          "k": 0,
          "ix": 10
        },
        "p": {
          "a": 0,
          "k": [
            1060,
            540,
            0
          ],
          "ix": 2
        },
        "a": {
          "a": 0,
          "k": [
            540,
            540,
            0
          ],
          "ix": 1
        },
        "s": {
          "a": 0,
          "k": [
            100,
            100,
            100
          ],
          "ix": 6
        }
      },
      "ao": 0,
      "w": 1080,
      "h": 1080,
      "ip": 13,
      "op": 60,
      "st": 13,
      "bm": 0
    },
    {
      "ddd": 0,
      "ind": 3,
      "ty": 0,
      "nm": "1",
      "refId": "comp_0",
      "sr": 1,
      "ks": {
        "o": {
          "a": 0,
          "k": 100,
          "ix": 11
        },
        "r": {
          "a": 0,
          "k": 0,
          "ix": 10
        },
        "p": {
          "a": 0,
          "k": [
            1260,
            540,
            0
          ],
          "ix": 2
        },
        "a": {
          "a": 0,
          "k": [
            540,
            540,
            0
          ],
          "ix": 1
        },
        "s": {
          "a": 0,
          "k": [
            100,
            100,
            100
          ],
          "ix": 6
        }
      },
      "ao": 0,
      "w": 1080,
      "h": 1080,
      "ip": 0,
      "op": 7,
      "st": -54,
      "bm": 0
    },
    {
      "ddd": 0,
      "ind": 4,
      "ty": 0,
      "nm": "1",
      "refId": "comp_0",
      "sr": 1,
      "ks": {
        "o": {
          "a": 0,
          "k": 100,
          "ix": 11
        },
        "r": {
          "a": 0,
          "k": 0,
          "ix": 10
        },
        "p": {
          "a": 0,
          "k": [
            1260,
            540,
            0
          ],
          "ix": 2
        },
        "a": {
          "a": 0,
          "k": [
            540,
            540,
            0
          ],
          "ix": 1
        },
        "s": {
          "a": 0,
          "k": [
            100,
            100,
            100
          ],
          "ix": 6
        }
      },
      "ao": 0,
      "w": 1080,
      "h": 1080,
      "ip": 6,
      "op": 60,
      "st": 6,
      "bm": 0
    },
    {
      "ddd": 0,
      "ind": 5,
      "ty": 0,
      "nm": "1",
      "refId": "comp_0",
      "sr": 1,
      "ks": {
        "o": {
          "a": 0,
          "k": 100,
          "ix": 11
        },
        "r": {
          "a": 0,
          "k": 0,
          "ix": 10
        },
        "p": {
          "a": 0,
          "k": [
            460,
            540,
            0
          ],
          "ix": 2
        },
        "a": {
          "a": 0,
          "k": [
            540,
            540,
            0
          ],
          "ix": 1
        },
        "s": {
          "a": 0,
          "k": [
            100,
            100,
            100
          ],
          "ix": 6
        }
      },
      "ao": 0,
      "w": 1080,
      "h": 1080,
      "ip": 0,
      "op": 14,
      "st": -47,
      "bm": 0
    },
    {
      "ddd": 0,
      "ind": 6,
      "ty": 0,
      "nm": "1",
      "refId": "comp_0",
      "sr": 1,
      "ks": {
        "o": {
          "a": 0,
          "k": 100,
          "ix": 11
        },
        "r": {
          "a": 0,
          "k": 0,
          "ix": 10
        },
        "p": {
          "a": 0,
          "k": [
            460,
            540,
            0
          ],
          "ix": 2
        },
        "a": {
          "a": 0,
          "k": [
            540,
            540,
            0
          ],
          "ix": 1
        },
        "s": {
          "a": 0,
          "k": [
            100,
            100,
            100
          ],
          "ix": 6
        }
      },
      "ao": 0,
      "w": 1080,
      "h": 1080,
      "ip": 13,
      "op": 60,
      "st": 13,
      "bm": 0
    },
    {
      "ddd": 0,
      "ind": 7,
      "ty": 0,
      "nm": "1",
      "refId": "comp_0",
      "sr": 1,
      "ks": {
        "o": {
          "a": 0,
          "k": 100,
          "ix": 11
        },
        "r": {
          "a": 0,
          "k": 0,
          "ix": 10
        },
        "p": {
          "a": 0,
          "k": [
            1200,
            542,
            0
          ],
          "ix": 2
        },
        "a": {
          "a": 0,
          "k": [
            540,
            540,
            0
          ],
          "ix": 1
        },
        "s": {
          "a": 0,
          "k": [
            100,
            100,
            100
          ],
          "ix": 6
        }
      },
      "ao": 0,
      "w": 1080,
      "h": 1080,
      "ip": 0,
      "op": 41,
      "st": -20,
      "bm": 0
    },
    {
      "ddd": 0,
      "ind": 8,
      "ty": 0,
      "nm": "1",
      "refId": "comp_0",
      "sr": 1,
      "ks": {
        "o": {
          "a": 0,
          "k": 100,
          "ix": 11
        },
        "r": {
          "a": 0,
          "k": 0,
          "ix": 10
        },
        "p": {
          "a": 0,
          "k": [
            1200,
            542,
            0
          ],
          "ix": 2
        },
        "a": {
          "a": 0,
          "k": [
            540,
            540,
            0
          ],
          "ix": 1
        },
        "s": {
          "a": 0,
          "k": [
            100,
            100,
            100
          ],
          "ix": 6
        }
      },
      "ao": 0,
      "w": 1080,
      "h": 1080,
      "ip": 40,
      "op": 60,
      "st": 40,
      "bm": 0
    },
    {
      "ddd": 0,
      "ind": 9,
      "ty": 0,
      "nm": "1",
      "refId": "comp_0",
      "sr": 1,
      "ks": {
        "o": {
          "a": 0,
          "k": 100,
          "ix": 11
        },
        "r": {
          "a": 0,
          "k": 0,
          "ix": 10
        },
        "p": {
          "a": 0,
          "k": [
            560,
            542,
            0
          ],
          "ix": 2
        },
        "a": {
          "a": 0,
          "k": [
            540,
            540,
            0
          ],
          "ix": 1
        },
        "s": {
          "a": 0,
          "k": [
            100,
            100,
            100
          ],
          "ix": 6
        }
      },
      "ao": 0,
      "w": 1080,
      "h": 1080,
      "ip": 0,
      "op": 35,
      "st": -26,
      "bm": 0
    },
    {
      "ddd": 0,
      "ind": 10,
      "ty": 0,
      "nm": "1",
      "refId": "comp_0",
      "sr": 1,
      "ks": {
        "o": {
          "a": 0,
          "k": 100,
          "ix": 11
        },
        "r": {
          "a": 0,
          "k": 0,
          "ix": 10
        },
        "p": {
          "a": 0,
          "k": [
            560,
            542,
            0
          ],
          "ix": 2
        },
        "a": {
          "a": 0,
          "k": [
            540,
            540,
            0
          ],
          "ix": 1
        },
        "s": {
          "a": 0,
          "k": [
            100,
            100,
            100
          ],
          "ix": 6
        }
      },
      "ao": 0,
      "w": 1080,
      "h": 1080,
      "ip": 34,
      "op": 60,
      "st": 34,
      "bm": 0
    },
    {
      "ddd": 0,
      "ind": 11,
      "ty": 0,
      "nm": "1",
      "refId": "comp_0",
      "sr": 1,
      "ks": {
        "o": {
          "a": 0,
          "k": 100,
          "ix": 11
        },
        "r": {
          "a": 0,
          "k": 0,
          "ix": 10
        },
        "p": {
          "a": 0,
          "k": [
            920,
            542,
            0
          ],
          "ix": 2
        },
        "a": {
          "a": 0,
          "k": [
            540,
            540,
            0
          ],
          "ix": 1
        },
        "s": {
          "a": 0,
          "k": [
            100,
            100,
            100
          ],
          "ix": 6
        }
      },
      "ao": 0,
      "w": 1080,
      "h": 1080,
      "ip": 0,
      "op": 27,
      "st": -34,
      "bm": 0
    },
    {
      "ddd": 0,
      "ind": 12,
      "ty": 0,
      "nm": "1",
      "refId": "comp_0",
      "sr": 1,
      "ks": {
        "o": {
          "a": 0,
          "k": 100,
          "ix": 11
        },
        "r": {
          "a": 0,
          "k": 0,
          "ix": 10
        },
        "p": {
          "a": 0,
          "k": [
            920,
            542,
            0
          ],
          "ix": 2
        },
        "a": {
          "a": 0,
          "k": [
            540,
            540,
            0
          ],
          "ix": 1
        },
        "s": {
          "a": 0,
          "k": [
            100,
            100,
            100
          ],
          "ix": 6
        }
      },
      "ao": 0,
      "w": 1080,
      "h": 1080,
      "ip": 26,
      "op": 60,
      "st": 26,
      "bm": 0
    },
    {
      "ddd": 0,
      "ind": 13,
      "ty": 0,
      "nm": "1",
      "refId": "comp_0",
      "sr": 1,
      "ks": {
        "o": {
          "a": 0,
          "k": 100,
          "ix": 11
        },
        "r": {
          "a": 0,
          "k": 0,
          "ix": 10
        },
        "p": {
          "a": 0,
          "k": [
            920,
            542,
            0
          ],
          "ix": 2
        },
        "a": {
          "a": 0,
          "k": [
            540,
            540,
            0
          ],
          "ix": 1
        },
        "s": {
          "a": 0,
          "k": [
            100,
            100,
            100
          ],
          "ix": 6
        }
      },
      "ao": 0,
      "w": 1080,
      "h": 1080,
      "ip": 0,
      "op": 7,
      "st": -54,
      "bm": 0
    },
    {
      "ddd": 0,
      "ind": 14,
      "ty": 0,
      "nm": "1",
      "refId": "comp_0",
      "sr": 1,
      "ks": {
        "o": {
          "a": 0,
          "k": 100,
          "ix": 11
        },
        "r": {
          "a": 0,
          "k": 0,
          "ix": 10
        },
        "p": {
          "a": 0,
          "k": [
            920,
            542,
            0
          ],
          "ix": 2
        },
        "a": {
          "a": 0,
          "k": [
            540,
            540,
            0
          ],
          "ix": 1
        },
        "s": {
          "a": 0,
          "k": [
            100,
            100,
            100
          ],
          "ix": 6
        }
      },
      "ao": 0,
      "w": 1080,
      "h": 1080,
      "ip": 6,
      "op": 60,
      "st": 6,
      "bm": 0
    },
    {
      "ddd": 0,
      "ind": 15,
      "ty": 0,
      "nm": "1",
      "refId": "comp_0",
      "sr": 1,
      "ks": {
        "o": {
          "a": 0,
          "k": 100,
          "ix": 11
        },
        "r": {
          "a": 0,
          "k": 0,
          "ix": 10
        },
        "p": {
          "a": 0,
          "k": [
            800,
            540,
            0
          ],
          "ix": 2
        },
        "a": {
          "a": 0,
          "k": [
            540,
            540,
            0
          ],
          "ix": 1
        },
        "s": {
          "a": 0,
          "k": [
            100,
            100,
            100
          ],
          "ix": 6
        }
      },
      "ao": 0,
      "w": 1080,
      "h": 1080,
      "ip": 0,
      "op": 17,
      "st": -44,
      "bm": 0
    },
    {
      "ddd": 0,
      "ind": 16,
      "ty": 0,
      "nm": "1",
      "refId": "comp_0",
      "sr": 1,
      "ks": {
        "o": {
          "a": 0,
          "k": 100,
          "ix": 11
        },
        "r": {
          "a": 0,
          "k": 0,
          "ix": 10
        },
        "p": {
          "a": 0,
          "k": [
            800,
            540,
            0
          ],
          "ix": 2
        },
        "a": {
          "a": 0,
          "k": [
            540,
            540,
            0
          ],
          "ix": 1
        },
        "s": {
          "a": 0,
          "k": [
            100,
            100,
            100
          ],
          "ix": 6
        }
      },
      "ao": 0,
      "w": 1080,
      "h": 1080,
      "ip": 16,
      "op": 60,
      "st": 16,
      "bm": 0
    },
    {
      "ddd": 0,
      "ind": 17,
      "ty": 0,
      "nm": "1",
      "refId": "comp_0",
      "sr": 1,
      "ks": {
        "o": {
          "a": 0,
          "k": 100,
          "ix": 11
        },
        "r": {
          "a": 0,
          "k": 0,
          "ix": 10
        },
        "p": {
          "a": 0,
          "k": [
            540,
            540,
            0
          ],
          "ix": 2
        },
        "a": {
          "a": 0,
          "k": [
            540,
            540,
            0
          ],
          "ix": 1
        },
        "s": {
          "a": 0,
          "k": [
            100,
            100,
            100
          ],
          "ix": 6
        }
      },
      "ao": 0,
      "w": 1080,
      "h": 1080,
      "ip": 0,
      "op": 44,
      "st": -17,
      "bm": 0
    },
    {
      "ddd": 0,
      "ind": 18,
      "ty": 0,
      "nm": "1",
      "refId": "comp_0",
      "sr": 1,
      "ks": {
        "o": {
          "a": 0,
          "k": 100,
          "ix": 11
        },
        "r": {
          "a": 0,
          "k": 0,
          "ix": 10
        },
        "p": {
          "a": 0,
          "k": [
            540,
            540,
            0
          ],
          "ix": 2
        },
        "a": {
          "a": 0,
          "k": [
            540,
            540,
            0
          ],
          "ix": 1
        },
        "s": {
          "a": 0,
          "k": [
            100,
            100,
            100
          ],
          "ix": 6
        }
      },
      "ao": 0,
      "w": 1080,
      "h": 1080,
      "ip": 44,
      "op": 62,
      "st": 44,
      "bm": 0
    },
    {
      "ddd": 0,
      "ind": 19,
      "ty": 0,
      "nm": "1",
      "refId": "comp_0",
      "sr": 1,
      "ks": {
        "o": {
          "a": 0,
          "k": 100,
          "ix": 11
        },
        "r": {
          "a": 0,
          "k": 0,
          "ix": 10
        },
        "p": {
          "a": 0,
          "k": [
            940,
            540,
            0
          ],
          "ix": 2
        },
        "a": {
          "a": 0,
          "k": [
            540,
            540,
            0
          ],
          "ix": 1
        },
        "s": {
          "a": 0,
          "k": [
            100,
            100,
            100
          ],
          "ix": 6
        }
      },
      "ao": 0,
      "w": 1080,
      "h": 1080,
      "ip": 0,
      "op": 48,
      "st": -13,
      "bm": 0
    },
    {
      "ddd": 0,
      "ind": 20,
      "ty": 0,
      "nm": "1",
      "refId": "comp_0",
      "sr": 1,
      "ks": {
        "o": {
          "a": 0,
          "k": 100,
          "ix": 11
        },
        "r": {
          "a": 0,
          "k": 0,
          "ix": 10
        },
        "p": {
          "a": 0,
          "k": [
            940,
            540,
            0
          ],
          "ix": 2
        },
        "a": {
          "a": 0,
          "k": [
            540,
            540,
            0
          ],
          "ix": 1
        },
        "s": {
          "a": 0,
          "k": [
            100,
            100,
            100
          ],
          "ix": 6
        }
      },
      "ao": 0,
      "w": 1080,
      "h": 1080,
      "ip": 48,
      "op": 62,
      "st": 48,
      "bm": 0
    },
    {
      "ddd": 0,
      "ind": 21,
      "ty": 0,
      "nm": "1",
      "refId": "comp_0",
      "sr": 1,
      "ks": {
        "o": {
          "a": 0,
          "k": 100,
          "ix": 11
        },
        "r": {
          "a": 0,
          "k": 0,
          "ix": 10
        },
        "p": {
          "a": 0,
          "k": [
            1220,
            540,
            0
          ],
          "ix": 2
        },
        "a": {
          "a": 0,
          "k": [
            540,
            540,
            0
          ],
          "ix": 1
        },
        "s": {
          "a": 0,
          "k": [
            100,
            100,
            100
          ],
          "ix": 6
        }
      },
      "ao": 0,
      "w": 1080,
      "h": 1080,
      "ip": 0,
      "op": 26,
      "st": -35,
      "bm": 0
    },
    {
      "ddd": 0,
      "ind": 22,
      "ty": 0,
      "nm": "1",
      "refId": "comp_0",
      "sr": 1,
      "ks": {
        "o": {
          "a": 0,
          "k": 100,
          "ix": 11
        },
        "r": {
          "a": 0,
          "k": 0,
          "ix": 10
        },
        "p": {
          "a": 0,
          "k": [
            1220,
            540,
            0
          ],
          "ix": 2
        },
        "a": {
          "a": 0,
          "k": [
            540,
            540,
            0
          ],
          "ix": 1
        },
        "s": {
          "a": 0,
          "k": [
            100,
            100,
            100
          ],
          "ix": 6
        }
      },
      "ao": 0,
      "w": 1080,
      "h": 1080,
      "ip": 25,
      "op": 60,
      "st": 25,
      "bm": 0
    },
    {
      "ddd": 0,
      "ind": 23,
      "ty": 0,
      "nm": "1",
      "refId": "comp_0",
      "sr": 1,
      "ks": {
        "o": {
          "a": 0,
          "k": 100,
          "ix": 11
        },
        "r": {
          "a": 0,
          "k": 0,
          "ix": 10
        },
        "p": {
          "a": 0,
          "k": [
            1400,
            540,
            0
          ],
          "ix": 2
        },
        "a": {
          "a": 0,
          "k": [
            540,
            540,
            0
          ],
          "ix": 1
        },
        "s": {
          "a": 0,
          "k": [
            100,
            100,
            100
          ],
          "ix": 6
        }
      },
      "ao": 0,
      "w": 1080,
      "h": 1080,
      "ip": 0,
      "op": 48,
      "st": -13,
      "bm": 0
    },
    {
      "ddd": 0,
      "ind": 24,
      "ty": 0,
      "nm": "1",
      "refId": "comp_0",
      "sr": 1,
      "ks": {
        "o": {
          "a": 0,
          "k": 100,
          "ix": 11
        },
        "r": {
          "a": 0,
          "k": 0,
          "ix": 10
        },
        "p": {
          "a": 0,
          "k": [
            1400,
            540,
            0
          ],
          "ix": 2
        },
        "a": {
          "a": 0,
          "k": [
            540,
            540,
            0
          ],
          "ix": 1
        },
        "s": {
          "a": 0,
          "k": [
            100,
            100,
            100
          ],
          "ix": 6
        }
      },
      "ao": 0,
      "w": 1080,
      "h": 1080,
      "ip": 48,
      "op": 63,
      "st": 48,
      "bm": 0
    },
    {
      "ddd": 0,
      "ind": 25,
      "ty": 0,
      "nm": "1",
      "refId": "comp_0",
      "sr": 1,
      "ks": {
        "o": {
          "a": 0,
          "k": 100,
          "ix": 11
        },
        "r": {
          "a": 0,
          "k": 0,
          "ix": 10
        },
        "p": {
          "a": 0,
          "k": [
            540,
            540,
            0
          ],
          "ix": 2
        },
        "a": {
          "a": 0,
          "k": [
            540,
            540,
            0
          ],
          "ix": 1
        },
        "s": {
          "a": 0,
          "k": [
            100,
            100,
            100
          ],
          "ix": 6
        }
      },
      "ao": 0,
      "w": 1080,
      "h": 1080,
      "ip": 0,
      "op": 61,
      "st": 0,
      "bm": 0
    },
    {
      "ddd": 0,
      "ind": 26,
      "ty": 4,
      "nm": "Shape Layer 1",
      "sr": 1,
      "ks": {
        "o": {
          "a": 0,
          "k": 15,
          "ix": 11
        },
        "r": {
          "a": 0,
          "k": 0,
          "ix": 10
        },
        "p": {
          "a": 0,
          "k": [
            540,
            540,
            0
          ],
          "ix": 2
        },
        "a": {
          "a": 0,
          "k": [
            0,
            0,
            0
          ],
          "ix": 1
        },
        "s": {
          "a": 0,
          "k": [
            100,
            100,
            100
          ],
          "ix": 6
        }
      },
      "ao": 0,
      "shapes": [
        {
          "ty": "gr",
          "it": [
            {
              "ty": "rc",
              "d": 1,
              "s": {
                "a": 0,
                "k": [
                  1420.344,
                  1331.344
                ],
                "ix": 2
              },
              "p": {
                "a": 0,
                "k": [
                  0,
                  0
                ],
                "ix": 3
              },
              "r": {
                "a": 0,
                "k": 0,
                "ix": 4
              },
              "nm": "Rectangle Path 1",
              "mn": "ADBE Vector Shape - Rect",
              "hd": false
            },
            {
              "ty": "gf",
              "o": {
                "a": 0,
                "k": 100,
                "ix": 10
              },
              "r": 1,
              "bm": 0,
              "g": {
                "p": 5,
                "k": {
                  "a": 0,
                  "k": [
                    0,
                    1,
                    0.976,
                    0,
                    0.245,
                    0.5,
                    0.488,
                    0,
                    0.49,
                    0,
                    0,
                    0,
                    0.745,
                    0.478,
                    0.5,
                    0,
                    1,
                    0.957,
                    1,
                    0
                  ],
                  "ix": 9
                }
              },
              "s": {
                "a": 0,
                "k": [
                  -739.906,
                  -696.781
                ],
                "ix": 5
              },
              "e": {
                "a": 0,
                "k": [
                  734.281,
                  672.281
                ],
                "ix": 6
              },
              "t": 1,
              "nm": "Gradient Fill 1",
              "mn": "ADBE Vector Graphic - G-Fill",
              "hd": false
            },
            {
              "ty": "tr",
              "p": {
                "a": 0,
                "k": [
                  18.172,
                  13.672
                ],
                "ix": 2
              },
              "a": {
                "a": 0,
                "k": [
                  0,
                  0
                ],
                "ix": 1
              },
              "s": {
                "a": 0,
                "k": [
                  100,
                  100
                ],
                "ix": 3
              },
              "r": {
                "a": 0,
                "k": 0,
                "ix": 6
              },
              "o": {
                "a": 0,
                "k": 100,
                "ix": 7
              },
              "sk": {
                "a": 0,
                "k": 0,
                "ix": 4
              },
              "sa": {
                "a": 0,
                "k": 0,
                "ix": 5
              },
              "nm": "Transform"
            }
          ],
          "nm": "Rectangle 1",
          "np": 3,
          "cix": 2,
          "bm": 0,
          "ix": 1,
          "mn": "ADBE Vector Group",
          "hd": false
        }
      ],
      "ip": 0,
      "op": 90,
      "st": 0,
      "bm": 0
    }
  ],
  "markers": []
}