{
  "v": "5.5.9",
  "fr": 30,
  "ip": 0,
  "op": 60,
  "w": 1080,
  "h": 1080,
  "nm": "STAR",
  "ddd": 0,
  "assets": [
    {
      "id": "image_0",
      "w": 2208,
      "h": 1242,
      "u": "animation30/",
      "p": "img_0.png",
      "e": 0
    },
    {
      "id": "comp_0",
      "layers": [
        {
          "ddd": 0,
          "ind": 1,
          "ty": 0,
          "nm": "star.png Comp 1",
          "cl": "png",
          "refId": "comp_1",
          "sr": 1,
          "ks": {
            "o": {
              "a": 0,
              "k": 100,
              "ix": 11
            },
            "r": {
              "a": 0,
              "k": 0,
              "ix": 10
            },
            "p": {
              "a": 0,
              "k": [
                140,
                58,
                0
              ],
              "ix": 2
            },
            "a": {
              "a": 0,
              "k": [
                1104,
                621,
                0
              ],
              "ix": 1
            },
            "s": {
              "a": 0,
              "k": [
                5,
                5,
                100
              ],
              "ix": 6
            }
          },
          "ao": 0,
          "w": 2208,
          "h": 1242,
          "ip": 0,
          "op": 90,
          "st": 0,
          "bm": 0
        },
        {
          "ddd": 0,
          "ind": 2,
          "ty": 0,
          "nm": "star.png Comp 1",
          "cl": "png",
          "refId": "comp_1",
          "sr": 1,
          "ks": {
            "o": {
              "a": 0,
              "k": 100,
              "ix": 11
            },
            "r": {
              "a": 0,
              "k": 0,
              "ix": 10
            },
            "p": {
              "a": 0,
              "k": [
                277.2,
                590,
                0
              ],
              "ix": 2
            },
            "a": {
              "a": 0,
              "k": [
                1104,
                621,
                0
              ],
              "ix": 1
            },
            "s": {
              "a": 0,
              "k": [
                5,
                5,
                100
              ],
              "ix": 6
            }
          },
          "ao": 0,
          "w": 2208,
          "h": 1242,
          "ip": 0,
          "op": 90,
          "st": 0,
          "bm": 0
        },
        {
          "ddd": 0,
          "ind": 3,
          "ty": 0,
          "nm": "star.png Comp 1",
          "cl": "png",
          "refId": "comp_1",
          "sr": 1,
          "ks": {
            "o": {
              "a": 0,
              "k": 100,
              "ix": 11
            },
            "r": {
              "a": 0,
              "k": 0,
              "ix": 10
            },
            "p": {
              "a": 0,
              "k": [
                74,
                1053.05,
                0
              ],
              "ix": 2
            },
            "a": {
              "a": 0,
              "k": [
                1104,
                621,
                0
              ],
              "ix": 1
            },
            "s": {
              "a": 0,
              "k": [
                5,
                5,
                100
              ],
              "ix": 6
            }
          },
          "ao": 0,
          "w": 2208,
          "h": 1242,
          "ip": 0,
          "op": 90,
          "st": 0,
          "bm": 0
        },
        {
          "ddd": 0,
          "ind": 4,
          "ty": 0,
          "nm": "star.png Comp 1",
          "cl": "png",
          "refId": "comp_1",
          "sr": 1,
          "ks": {
            "o": {
              "a": 0,
              "k": 100,
              "ix": 11
            },
            "r": {
              "a": 0,
              "k": 0,
              "ix": 10
            },
            "p": {
              "a": 0,
              "k": [
                26,
                722,
                0
              ],
              "ix": 2
            },
            "a": {
              "a": 0,
              "k": [
                1104,
                621,
                0
              ],
              "ix": 1
            },
            "s": {
              "a": 1,
              "k": [
                {
                  "i": {
                    "x": [
                      0.667,
                      0.667,
                      0.667
                    ],
                    "y": [
                      1,
                      1,
                      1
                    ]
                  },
                  "o": {
                    "x": [
                      0.333,
                      0.333,
                      0.333
                    ],
                    "y": [
                      0,
                      0,
                      0
                    ]
                  },
                  "t": 0,
                  "s": [
                    -4,
                    -4,
                    100
                  ]
                },
                {
                  "i": {
                    "x": [
                      0.667,
                      0.667,
                      0.667
                    ],
                    "y": [
                      1,
                      1,
                      1
                    ]
                  },
                  "o": {
                    "x": [
                      0.333,
                      0.333,
                      0.333
                    ],
                    "y": [
                      0,
                      0,
                      0
                    ]
                  },
                  "t": 30,
                  "s": [
                    -10,
                    -10,
                    100
                  ]
                },
                {
                  "t": 59,
                  "s": [
                    -4,
                    -4,
                    100
                  ]
                }
              ],
              "ix": 6
            }
          },
          "ao": 0,
          "w": 2208,
          "h": 1242,
          "ip": 0,
          "op": 90,
          "st": 0,
          "bm": 0
        },
        {
          "ddd": 0,
          "ind": 5,
          "ty": 0,
          "nm": "star.png Comp 1",
          "cl": "png",
          "refId": "comp_1",
          "sr": 1,
          "ks": {
            "o": {
              "a": 0,
              "k": 100,
              "ix": 11
            },
            "r": {
              "a": 0,
              "k": 0,
              "ix": 10
            },
            "p": {
              "a": 0,
              "k": [
                1020,
                744,
                0
              ],
              "ix": 2
            },
            "a": {
              "a": 0,
              "k": [
                1104,
                621,
                0
              ],
              "ix": 1
            },
            "s": {
              "a": 0,
              "k": [
                6,
                6,
                100
              ],
              "ix": 6
            }
          },
          "ao": 0,
          "w": 2208,
          "h": 1242,
          "ip": 0,
          "op": 90,
          "st": 0,
          "bm": 0
        },
        {
          "ddd": 0,
          "ind": 6,
          "ty": 0,
          "nm": "star.png Comp 1",
          "cl": "png",
          "refId": "comp_1",
          "sr": 1,
          "ks": {
            "o": {
              "a": 0,
              "k": 100,
              "ix": 11
            },
            "r": {
              "a": 0,
              "k": 0,
              "ix": 10
            },
            "p": {
              "a": 0,
              "k": [
                874,
                490,
                0
              ],
              "ix": 2
            },
            "a": {
              "a": 0,
              "k": [
                1104,
                621,
                0
              ],
              "ix": 1
            },
            "s": {
              "a": 1,
              "k": [
                {
                  "i": {
                    "x": [
                      0.667,
                      0.667,
                      0.667
                    ],
                    "y": [
                      1,
                      1,
                      1
                    ]
                  },
                  "o": {
                    "x": [
                      0.333,
                      0.333,
                      0.333
                    ],
                    "y": [
                      0,
                      0,
                      0
                    ]
                  },
                  "t": 0,
                  "s": [
                    8,
                    8,
                    100
                  ]
                },
                {
                  "i": {
                    "x": [
                      0.667,
                      0.667,
                      0.667
                    ],
                    "y": [
                      1,
                      1,
                      1
                    ]
                  },
                  "o": {
                    "x": [
                      0.333,
                      0.333,
                      0.333
                    ],
                    "y": [
                      0,
                      0,
                      0
                    ]
                  },
                  "t": 30,
                  "s": [
                    2,
                    2,
                    100
                  ]
                },
                {
                  "t": 59,
                  "s": [
                    8,
                    8,
                    100
                  ]
                }
              ],
              "ix": 6
            }
          },
          "ao": 0,
          "w": 2208,
          "h": 1242,
          "ip": 0,
          "op": 90,
          "st": 0,
          "bm": 0
        },
        {
          "ddd": 0,
          "ind": 7,
          "ty": 0,
          "nm": "star.png Comp 1",
          "cl": "png",
          "refId": "comp_1",
          "sr": 1,
          "ks": {
            "o": {
              "a": 0,
              "k": 100,
              "ix": 11
            },
            "r": {
              "a": 0,
              "k": 0,
              "ix": 10
            },
            "p": {
              "a": 0,
              "k": [
                720,
                702,
                0
              ],
              "ix": 2
            },
            "a": {
              "a": 0,
              "k": [
                1104,
                621,
                0
              ],
              "ix": 1
            },
            "s": {
              "a": 0,
              "k": [
                -4,
                -4,
                100
              ],
              "ix": 6
            }
          },
          "ao": 0,
          "w": 2208,
          "h": 1242,
          "ip": 0,
          "op": 90,
          "st": 0,
          "bm": 0
        },
        {
          "ddd": 0,
          "ind": 8,
          "ty": 0,
          "nm": "star.png Comp 1",
          "cl": "png",
          "refId": "comp_1",
          "sr": 1,
          "ks": {
            "o": {
              "a": 0,
              "k": 100,
              "ix": 11
            },
            "r": {
              "a": 0,
              "k": 0,
              "ix": 10
            },
            "p": {
              "a": 0,
              "k": [
                408,
                874,
                0
              ],
              "ix": 2
            },
            "a": {
              "a": 0,
              "k": [
                1104,
                621,
                0
              ],
              "ix": 1
            },
            "s": {
              "a": 0,
              "k": [
                -4,
                -4,
                100
              ],
              "ix": 6
            }
          },
          "ao": 0,
          "w": 2208,
          "h": 1242,
          "ip": 0,
          "op": 90,
          "st": 0,
          "bm": 0
        },
        {
          "ddd": 0,
          "ind": 9,
          "ty": 0,
          "nm": "star.png Comp 1",
          "cl": "png",
          "refId": "comp_1",
          "sr": 1,
          "ks": {
            "o": {
              "a": 0,
              "k": 100,
              "ix": 11
            },
            "r": {
              "a": 0,
              "k": 0,
              "ix": 10
            },
            "p": {
              "a": 0,
              "k": [
                402,
                220,
                0
              ],
              "ix": 2
            },
            "a": {
              "a": 0,
              "k": [
                1104,
                621,
                0
              ],
              "ix": 1
            },
            "s": {
              "a": 1,
              "k": [
                {
                  "i": {
                    "x": [
                      0.667,
                      0.667,
                      0.667
                    ],
                    "y": [
                      1,
                      1,
                      1
                    ]
                  },
                  "o": {
                    "x": [
                      0.333,
                      0.333,
                      0.333
                    ],
                    "y": [
                      0,
                      0,
                      0
                    ]
                  },
                  "t": 0,
                  "s": [
                    8,
                    8,
                    100
                  ]
                },
                {
                  "i": {
                    "x": [
                      0.667,
                      0.667,
                      0.667
                    ],
                    "y": [
                      1,
                      1,
                      1
                    ]
                  },
                  "o": {
                    "x": [
                      0.333,
                      0.333,
                      0.333
                    ],
                    "y": [
                      0,
                      0,
                      0
                    ]
                  },
                  "t": 30,
                  "s": [
                    3,
                    3,
                    100
                  ]
                },
                {
                  "t": 59,
                  "s": [
                    8,
                    8,
                    100
                  ]
                }
              ],
              "ix": 6
            }
          },
          "ao": 0,
          "w": 2208,
          "h": 1242,
          "ip": 0,
          "op": 90,
          "st": 0,
          "bm": 0
        },
        {
          "ddd": 0,
          "ind": 10,
          "ty": 0,
          "nm": "star.png Comp 1",
          "cl": "png",
          "refId": "comp_1",
          "sr": 1,
          "ks": {
            "o": {
              "a": 0,
              "k": 100,
              "ix": 11
            },
            "r": {
              "a": 0,
              "k": 0,
              "ix": 10
            },
            "p": {
              "a": 0,
              "k": [
                992,
                1038,
                0
              ],
              "ix": 2
            },
            "a": {
              "a": 0,
              "k": [
                1104,
                621,
                0
              ],
              "ix": 1
            },
            "s": {
              "a": 1,
              "k": [
                {
                  "i": {
                    "x": [
                      0.833,
                      0.833,
                      0.833
                    ],
                    "y": [
                      0.833,
                      0.833,
                      0.833
                    ]
                  },
                  "o": {
                    "x": [
                      0.167,
                      0.167,
                      0.167
                    ],
                    "y": [
                      0.167,
                      0.167,
                      0.167
                    ]
                  },
                  "t": 0,
                  "s": [
                    4,
                    4,
                    100
                  ]
                },
                {
                  "i": {
                    "x": [
                      0.833,
                      0.833,
                      0.833
                    ],
                    "y": [
                      0.833,
                      0.833,
                      0.833
                    ]
                  },
                  "o": {
                    "x": [
                      0.167,
                      0.167,
                      0.167
                    ],
                    "y": [
                      0.167,
                      0.167,
                      0.167
                    ]
                  },
                  "t": 30,
                  "s": [
                    7,
                    7,
                    100
                  ]
                },
                {
                  "t": 59,
                  "s": [
                    4,
                    4,
                    100
                  ]
                }
              ],
              "ix": 6
            }
          },
          "ao": 0,
          "w": 2208,
          "h": 1242,
          "ip": 0,
          "op": 90,
          "st": 0,
          "bm": 0
        },
        {
          "ddd": 0,
          "ind": 11,
          "ty": 0,
          "nm": "star.png Comp 1",
          "cl": "png",
          "refId": "comp_1",
          "sr": 1,
          "ks": {
            "o": {
              "a": 0,
              "k": 100,
              "ix": 11
            },
            "r": {
              "a": 0,
              "k": 0,
              "ix": 10
            },
            "p": {
              "a": 0,
              "k": [
                408,
                406,
                0
              ],
              "ix": 2
            },
            "a": {
              "a": 0,
              "k": [
                1104,
                621,
                0
              ],
              "ix": 1
            },
            "s": {
              "a": 0,
              "k": [
                4,
                4,
                100
              ],
              "ix": 6
            }
          },
          "ao": 0,
          "w": 2208,
          "h": 1242,
          "ip": 0,
          "op": 90,
          "st": 0,
          "bm": 0
        },
        {
          "ddd": 0,
          "ind": 12,
          "ty": 0,
          "nm": "star.png Comp 1",
          "cl": "png",
          "refId": "comp_1",
          "sr": 1,
          "ks": {
            "o": {
              "a": 0,
              "k": 100,
              "ix": 11
            },
            "r": {
              "a": 0,
              "k": 0,
              "ix": 10
            },
            "p": {
              "a": 0,
              "k": [
                858,
                306,
                0
              ],
              "ix": 2
            },
            "a": {
              "a": 0,
              "k": [
                1104,
                621,
                0
              ],
              "ix": 1
            },
            "s": {
              "a": 0,
              "k": [
                4,
                4,
                100
              ],
              "ix": 6
            }
          },
          "ao": 0,
          "w": 2208,
          "h": 1242,
          "ip": 0,
          "op": 90,
          "st": 0,
          "bm": 0
        },
        {
          "ddd": 0,
          "ind": 13,
          "ty": 0,
          "nm": "star.png Comp 1",
          "cl": "png",
          "refId": "comp_1",
          "sr": 1,
          "ks": {
            "o": {
              "a": 0,
              "k": 100,
              "ix": 11
            },
            "r": {
              "a": 0,
              "k": 0,
              "ix": 10
            },
            "p": {
              "a": 0,
              "k": [
                988,
                166,
                0
              ],
              "ix": 2
            },
            "a": {
              "a": 0,
              "k": [
                1104,
                621,
                0
              ],
              "ix": 1
            },
            "s": {
              "a": 0,
              "k": [
                4,
                4,
                100
              ],
              "ix": 6
            }
          },
          "ao": 0,
          "w": 2208,
          "h": 1242,
          "ip": 0,
          "op": 90,
          "st": 0,
          "bm": 0
        },
        {
          "ddd": 0,
          "ind": 14,
          "ty": 0,
          "nm": "star.png Comp 1",
          "cl": "png",
          "refId": "comp_1",
          "sr": 1,
          "ks": {
            "o": {
              "a": 0,
              "k": 100,
              "ix": 11
            },
            "r": {
              "a": 0,
              "k": 0,
              "ix": 10
            },
            "p": {
              "a": 0,
              "k": [
                638,
                316,
                0
              ],
              "ix": 2
            },
            "a": {
              "a": 0,
              "k": [
                1104,
                621,
                0
              ],
              "ix": 1
            },
            "s": {
              "a": 0,
              "k": [
                6,
                6,
                100
              ],
              "ix": 6
            }
          },
          "ao": 0,
          "w": 2208,
          "h": 1242,
          "ip": 0,
          "op": 90,
          "st": 0,
          "bm": 0
        },
        {
          "ddd": 0,
          "ind": 15,
          "ty": 0,
          "nm": "star.png Comp 1",
          "cl": "png",
          "refId": "comp_1",
          "sr": 1,
          "ks": {
            "o": {
              "a": 0,
              "k": 100,
              "ix": 11
            },
            "r": {
              "a": 0,
              "k": 0,
              "ix": 10
            },
            "p": {
              "a": 0,
              "k": [
                710,
                888,
                0
              ],
              "ix": 2
            },
            "a": {
              "a": 0,
              "k": [
                1104,
                621,
                0
              ],
              "ix": 1
            },
            "s": {
              "a": 0,
              "k": [
                6,
                6,
                100
              ],
              "ix": 6
            }
          },
          "ao": 0,
          "w": 2208,
          "h": 1242,
          "ip": 0,
          "op": 90,
          "st": 0,
          "bm": 0
        },
        {
          "ddd": 0,
          "ind": 16,
          "ty": 0,
          "nm": "star.png Comp 1",
          "cl": "png",
          "refId": "comp_1",
          "sr": 1,
          "ks": {
            "o": {
              "a": 0,
              "k": 100,
              "ix": 11
            },
            "r": {
              "a": 0,
              "k": 0,
              "ix": 10
            },
            "p": {
              "a": 0,
              "k": [
                580,
                490,
                0
              ],
              "ix": 2
            },
            "a": {
              "a": 0,
              "k": [
                1104,
                621,
                0
              ],
              "ix": 1
            },
            "s": {
              "a": 0,
              "k": [
                4,
                4,
                100
              ],
              "ix": 6
            }
          },
          "ao": 0,
          "w": 2208,
          "h": 1242,
          "ip": 0,
          "op": 90,
          "st": 0,
          "bm": 0
        },
        {
          "ddd": 0,
          "ind": 17,
          "ty": 0,
          "nm": "star.png Comp 1",
          "cl": "png",
          "refId": "comp_1",
          "sr": 1,
          "ks": {
            "o": {
              "a": 0,
              "k": 100,
              "ix": 11
            },
            "r": {
              "a": 0,
              "k": 0,
              "ix": 10
            },
            "p": {
              "a": 0,
              "k": [
                86,
                318,
                0
              ],
              "ix": 2
            },
            "a": {
              "a": 0,
              "k": [
                1104,
                621,
                0
              ],
              "ix": 1
            },
            "s": {
              "a": 0,
              "k": [
                5,
                5,
                100
              ],
              "ix": 6
            }
          },
          "ao": 0,
          "w": 2208,
          "h": 1242,
          "ip": 0,
          "op": 90,
          "st": 0,
          "bm": 0
        },
        {
          "ddd": 0,
          "ind": 18,
          "ty": 0,
          "nm": "star.png Comp 1",
          "cl": "png",
          "refId": "comp_1",
          "sr": 1,
          "ks": {
            "o": {
              "a": 0,
              "k": 100,
              "ix": 11
            },
            "r": {
              "a": 0,
              "k": 0,
              "ix": 10
            },
            "p": {
              "a": 0,
              "k": [
                650,
                58,
                0
              ],
              "ix": 2
            },
            "a": {
              "a": 0,
              "k": [
                1104,
                621,
                0
              ],
              "ix": 1
            },
            "s": {
              "a": 0,
              "k": [
                6,
                6,
                100
              ],
              "ix": 6
            }
          },
          "ao": 0,
          "w": 2208,
          "h": 1242,
          "ip": 0,
          "op": 90,
          "st": 0,
          "bm": 0
        }
      ]
    },
    {
      "id": "comp_1",
      "layers": [
        {
          "ddd": 0,
          "ind": 1,
          "ty": 2,
          "nm": "star.png",
          "cl": "png",
          "refId": "image_0",
          "sr": 1,
          "ks": {
            "o": {
              "a": 0,
              "k": 100,
              "ix": 11
            },
            "r": {
              "a": 1,
              "k": [
                {
                  "i": {
                    "x": [
                      0.833
                    ],
                    "y": [
                      0.833
                    ]
                  },
                  "o": {
                    "x": [
                      0.167
                    ],
                    "y": [
                      0.167
                    ]
                  },
                  "t": 0,
                  "s": [
                    0
                  ]
                },
                {
                  "t": 60,
                  "s": [
                    360
                  ]
                }
              ],
              "ix": 10
            },
            "p": {
              "a": 0,
              "k": [
                1104,
                621,
                0
              ],
              "ix": 2
            },
            "a": {
              "a": 0,
              "k": [
                1104,
                621,
                0
              ],
              "ix": 1
            },
            "s": {
              "a": 0,
              "k": [
                100,
                100,
                100
              ],
              "ix": 6
            }
          },
          "ao": 0,
          "ip": 0,
          "op": 90,
          "st": 0,
          "bm": 0
        }
      ]
    }
  ],
  "layers": [
    {
      "ddd": 0,
      "ind": 1,
      "ty": 0,
      "nm": "Star",
      "parent": 2,
      "refId": "comp_0",
      "sr": 1,
      "ks": {
        "o": {
          "a": 0,
          "k": 100,
          "ix": 11
        },
        "r": {
          "a": 0,
          "k": 0,
          "ix": 10
        },
        "p": {
          "a": 0,
          "k": [
            541.719,
            -552.344,
            0
          ],
          "ix": 2
        },
        "a": {
          "a": 0,
          "k": [
            540,
            540,
            0
          ],
          "ix": 1
        },
        "s": {
          "a": 0,
          "k": [
            99.955,
            99.955,
            100
          ],
          "ix": 6
        }
      },
      "ao": 0,
      "w": 1080,
      "h": 1080,
      "ip": 0,
      "op": 90,
      "st": 0,
      "bm": 0
    },
    {
      "ddd": 0,
      "ind": 2,
      "ty": 0,
      "nm": "Star",
      "refId": "comp_0",
      "sr": 1,
      "ks": {
        "o": {
          "a": 0,
          "k": 100,
          "ix": 11
        },
        "r": {
          "a": 0,
          "k": 0,
          "ix": 10
        },
        "p": {
          "a": 1,
          "k": [
            {
              "i": {
                "x": 0.833,
                "y": 0.833
              },
              "o": {
                "x": 0.167,
                "y": 0.167
              },
              "t": 0,
              "s": [
                546,
                534,
                0
              ],
              "to": [
                -1,
                183,
                0
              ],
              "ti": [
                1,
                -183,
                0
              ]
            },
            {
              "t": 60,
              "s": [
                540,
                1632,
                0
              ]
            }
          ],
          "ix": 2
        },
        "a": {
          "a": 0,
          "k": [
            540,
            540,
            0
          ],
          "ix": 1
        },
        "s": {
          "a": 0,
          "k": [
            100,
            100,
            100
          ],
          "ix": 6
        }
      },
      "ao": 0,
      "w": 1080,
      "h": 1080,
      "ip": 0,
      "op": 90,
      "st": 0,
      "bm": 0
    },
    {
      "ddd": 0,
      "ind": 3,
      "ty": 4,
      "nm": "Shape Layer 1",
      "sr": 1,
      "ks": {
        "o": {
          "a": 1,
          "k": [
            {
              "i": {
                "x": [
                  0.833
                ],
                "y": [
                  0.833
                ]
              },
              "o": {
                "x": [
                  0.167
                ],
                "y": [
                  0.167
                ]
              },
              "t": 0,
              "s": [
                18
              ]
            },
            {
              "i": {
                "x": [
                  0.833
                ],
                "y": [
                  0.833
                ]
              },
              "o": {
                "x": [
                  0.167
                ],
                "y": [
                  0.167
                ]
              },
              "t": 11,
              "s": [
                0
              ]
            },
            {
              "t": 60,
              "s": [
                18
              ]
            }
          ],
          "ix": 11
        },
        "r": {
          "a": 0,
          "k": 0,
          "ix": 10
        },
        "p": {
          "a": 0,
          "k": [
            540,
            540,
            0
          ],
          "ix": 2
        },
        "a": {
          "a": 0,
          "k": [
            0,
            0,
            0
          ],
          "ix": 1
        },
        "s": {
          "a": 0,
          "k": [
            100,
            100,
            100
          ],
          "ix": 6
        }
      },
      "ao": 0,
      "shapes": [
        {
          "ty": "gr",
          "it": [
            {
              "ty": "rc",
              "d": 1,
              "s": {
                "a": 0,
                "k": [
                  1306.062,
                  1181.016
                ],
                "ix": 2
              },
              "p": {
                "a": 0,
                "k": [
                  0,
                  0
                ],
                "ix": 3
              },
              "r": {
                "a": 0,
                "k": 0,
                "ix": 4
              },
              "nm": "Rectangle Path 1",
              "mn": "ADBE Vector Shape - Rect",
              "hd": false
            },
            {
              "ty": "st",
              "c": {
                "a": 0,
                "k": [
                  1,
                  1,
                  1,
                  1
                ],
                "ix": 3
              },
              "o": {
                "a": 0,
                "k": 100,
                "ix": 4
              },
              "w": {
                "a": 0,
                "k": 2,
                "ix": 5
              },
              "lc": 1,
              "lj": 1,
              "ml": 4,
              "bm": 0,
              "nm": "Stroke 1",
              "mn": "ADBE Vector Graphic - Stroke",
              "hd": false
            },
            {
              "ty": "gf",
              "o": {
                "a": 0,
                "k": 100,
                "ix": 10
              },
              "r": 1,
              "bm": 0,
              "g": {
                "p": 3,
                "k": {
                  "a": 0,
                  "k": [
                    0,
                    0.99,
                    0.815,
                    0,
                    0.5,
                    0.495,
                    0.408,
                    0,
                    1,
                    0,
                    0,
                    0,
                    0,
                    1,
                    0.5,
                    0.5,
                    1,
                    0
                  ],
                  "ix": 9
                }
              },
              "s": {
                "a": 0,
                "k": [
                  2.594,
                  590.484
                ],
                "ix": 5
              },
              "e": {
                "a": 0,
                "k": [
                  -15.25,
                  -468.203
                ],
                "ix": 6
              },
              "t": 2,
              "h": {
                "a": 0,
                "k": 0,
                "ix": 7
              },
              "a": {
                "a": 0,
                "k": 0,
                "ix": 8
              },
              "nm": "Gradient Fill 1",
              "mn": "ADBE Vector Graphic - G-Fill",
              "hd": false
            },
            {
              "ty": "tr",
              "p": {
                "a": 0,
                "k": [
                  1.031,
                  18.508
                ],
                "ix": 2
              },
              "a": {
                "a": 0,
                "k": [
                  0,
                  0
                ],
                "ix": 1
              },
              "s": {
                "a": 0,
                "k": [
                  100,
                  100
                ],
                "ix": 3
              },
              "r": {
                "a": 0,
                "k": 0,
                "ix": 6
              },
              "o": {
                "a": 0,
                "k": 100,
                "ix": 7
              },
              "sk": {
                "a": 0,
                "k": 0,
                "ix": 4
              },
              "sa": {
                "a": 0,
                "k": 0,
                "ix": 5
              },
              "nm": "Transform"
            }
          ],
          "nm": "Rectangle 1",
          "np": 3,
          "cix": 2,
          "bm": 0,
          "ix": 1,
          "mn": "ADBE Vector Group",
          "hd": false
        }
      ],
      "ip": 0,
      "op": 90,
      "st": 0,
      "bm": 0
    }
  ],
  "markers": []
}