{
  "v": "5.5.9",
  "fr": 30,
  "ip": 0,
  "op": 60,
  "w": 1080,
  "h": 1080,
  "nm": "Comp 1",
  "ddd": 0,
  "assets": [
    {
      "id": "image_0",
      "w": 278,
      "h": 202,
      "u": "animation5/",
      "p": "img_0.png",
      "e": 0
    },
    {
      "id": "image_1",
      "w": 298,
      "h": 311,
      "u": "animation5/",
      "p": "img_1.png",
      "e": 0
    },
    {
      "id": "image_2",
      "w": 292,
      "h": 288,
      "u": "animation5/",
      "p": "img_2.png",
      "e": 0
    },
    {
      "id": "image_3",
      "w": 342,
      "h": 228,
      "u": "animation5/",
      "p": "img_3.png",
      "e": 0
    },
    {
      "id": "image_4",
      "w": 348,
      "h": 233,
      "u": "animation5/",
      "p": "img_4.png",
      "e": 0
    },
    {
      "id": "comp_0",
      "layers": [
        {
          "ddd": 0,
          "ind": 1,
          "ty": 2,
          "nm": "1.png",
          "cl": "png",
          "refId": "image_0",
          "sr": 1,
          "ks": {
            "o": {
              "a": 0,
              "k": 100,
              "ix": 11
            },
            "r": {
              "a": 1,
              "k": [
                {
                  "i": {
                    "x": [
                      0.833
                    ],
                    "y": [
                      0.833
                    ]
                  },
                  "o": {
                    "x": [
                      0.167
                    ],
                    "y": [
                      0.167
                    ]
                  },
                  "t": 0,
                  "s": [
                    253
                  ]
                },
                {
                  "t": 59.7980864401188,
                  "s": [
                    613
                  ]
                }
              ],
              "ix": 10
            },
            "p": {
              "a": 0,
              "k": [
                215,
                433,
                0
              ],
              "ix": 2
            },
            "a": {
              "a": 0,
              "k": [
                139,
                101,
                0
              ],
              "ix": 1
            },
            "s": {
              "a": 0,
              "k": [
                6.349,
                3.647,
                100
              ],
              "ix": 6
            }
          },
          "ao": 0,
          "ip": 0,
          "op": 1167.58297591554,
          "st": 0,
          "bm": 0
        },
        {
          "ddd": 0,
          "ind": 2,
          "ty": 2,
          "nm": "1.png",
          "cl": "png",
          "refId": "image_0",
          "sr": 1,
          "ks": {
            "o": {
              "a": 0,
              "k": 100,
              "ix": 11
            },
            "r": {
              "a": 1,
              "k": [
                {
                  "i": {
                    "x": [
                      0.833
                    ],
                    "y": [
                      0.833
                    ]
                  },
                  "o": {
                    "x": [
                      0.167
                    ],
                    "y": [
                      0.167
                    ]
                  },
                  "t": 0,
                  "s": [
                    253
                  ]
                },
                {
                  "t": 59.7980864401188,
                  "s": [
                    613
                  ]
                }
              ],
              "ix": 10
            },
            "p": {
              "a": 0,
              "k": [
                759,
                493,
                0
              ],
              "ix": 2
            },
            "a": {
              "a": 0,
              "k": [
                139,
                101,
                0
              ],
              "ix": 1
            },
            "s": {
              "a": 0,
              "k": [
                6.349,
                3.647,
                100
              ],
              "ix": 6
            }
          },
          "ao": 0,
          "ip": 0,
          "op": 1167.58297591554,
          "st": 0,
          "bm": 0
        },
        {
          "ddd": 0,
          "ind": 3,
          "ty": 2,
          "nm": "1.png",
          "cl": "png",
          "refId": "image_0",
          "sr": 1,
          "ks": {
            "o": {
              "a": 0,
              "k": 100,
              "ix": 11
            },
            "r": {
              "a": 1,
              "k": [
                {
                  "i": {
                    "x": [
                      0.833
                    ],
                    "y": [
                      0.833
                    ]
                  },
                  "o": {
                    "x": [
                      0.167
                    ],
                    "y": [
                      0.167
                    ]
                  },
                  "t": 0,
                  "s": [
                    253
                  ]
                },
                {
                  "t": 59.7980864401188,
                  "s": [
                    613
                  ]
                }
              ],
              "ix": 10
            },
            "p": {
              "a": 0,
              "k": [
                733,
                823,
                0
              ],
              "ix": 2
            },
            "a": {
              "a": 0,
              "k": [
                139,
                101,
                0
              ],
              "ix": 1
            },
            "s": {
              "a": 0,
              "k": [
                6.349,
                3.647,
                100
              ],
              "ix": 6
            }
          },
          "ao": 0,
          "ip": 0,
          "op": 1167.58297591554,
          "st": 0,
          "bm": 0
        },
        {
          "ddd": 0,
          "ind": 4,
          "ty": 2,
          "nm": "1.png",
          "cl": "png",
          "refId": "image_0",
          "sr": 1,
          "ks": {
            "o": {
              "a": 0,
              "k": 100,
              "ix": 11
            },
            "r": {
              "a": 1,
              "k": [
                {
                  "i": {
                    "x": [
                      0.833
                    ],
                    "y": [
                      0.833
                    ]
                  },
                  "o": {
                    "x": [
                      0.167
                    ],
                    "y": [
                      0.167
                    ]
                  },
                  "t": 0,
                  "s": [
                    141
                  ]
                },
                {
                  "t": 59.7980864401188,
                  "s": [
                    501
                  ]
                }
              ],
              "ix": 10
            },
            "p": {
              "a": 0,
              "k": [
                275,
                703,
                0
              ],
              "ix": 2
            },
            "a": {
              "a": 0,
              "k": [
                139,
                101,
                0
              ],
              "ix": 1
            },
            "s": {
              "a": 0,
              "k": [
                6.349,
                3.647,
                100
              ],
              "ix": 6
            }
          },
          "ao": 0,
          "ip": 0,
          "op": 1167.58297591554,
          "st": 0,
          "bm": 0
        },
        {
          "ddd": 0,
          "ind": 5,
          "ty": 2,
          "nm": "1.png",
          "cl": "png",
          "refId": "image_0",
          "sr": 1,
          "ks": {
            "o": {
              "a": 0,
              "k": 100,
              "ix": 11
            },
            "r": {
              "a": 1,
              "k": [
                {
                  "i": {
                    "x": [
                      0.833
                    ],
                    "y": [
                      0.833
                    ]
                  },
                  "o": {
                    "x": [
                      0.167
                    ],
                    "y": [
                      0.167
                    ]
                  },
                  "t": 0,
                  "s": [
                    100
                  ]
                },
                {
                  "t": 59.7980864401188,
                  "s": [
                    460
                  ]
                }
              ],
              "ix": 10
            },
            "p": {
              "a": 0,
              "k": [
                786,
                195,
                0
              ],
              "ix": 2
            },
            "a": {
              "a": 0,
              "k": [
                139,
                101,
                0
              ],
              "ix": 1
            },
            "s": {
              "a": 0,
              "k": [
                12,
                13.277,
                100
              ],
              "ix": 6
            }
          },
          "ao": 0,
          "ip": 0,
          "op": 1167.58297591554,
          "st": 0,
          "bm": 0
        },
        {
          "ddd": 0,
          "ind": 6,
          "ty": 2,
          "nm": "2.png",
          "cl": "png",
          "refId": "image_1",
          "sr": 1,
          "ks": {
            "o": {
              "a": 0,
              "k": 100,
              "ix": 11
            },
            "r": {
              "a": 1,
              "k": [
                {
                  "i": {
                    "x": [
                      0.833
                    ],
                    "y": [
                      0.833
                    ]
                  },
                  "o": {
                    "x": [
                      0.167
                    ],
                    "y": [
                      0.167
                    ]
                  },
                  "t": 0,
                  "s": [
                    -136
                  ]
                },
                {
                  "t": 59.7980864401188,
                  "s": [
                    -496
                  ]
                }
              ],
              "ix": 10
            },
            "p": {
              "a": 0,
              "k": [
                976,
                994,
                0
              ],
              "ix": 2
            },
            "a": {
              "a": 0,
              "k": [
                149,
                155.5,
                0
              ],
              "ix": 1
            },
            "s": {
              "a": 0,
              "k": [
                12,
                13.277,
                100
              ],
              "ix": 6
            }
          },
          "ao": 0,
          "ip": 0,
          "op": 1167.58297591554,
          "st": 0,
          "bm": 0
        },
        {
          "ddd": 0,
          "ind": 7,
          "ty": 2,
          "nm": "2.png",
          "cl": "png",
          "refId": "image_1",
          "sr": 1,
          "ks": {
            "o": {
              "a": 0,
              "k": 100,
              "ix": 11
            },
            "r": {
              "a": 1,
              "k": [
                {
                  "i": {
                    "x": [
                      0.833
                    ],
                    "y": [
                      0.833
                    ]
                  },
                  "o": {
                    "x": [
                      0.167
                    ],
                    "y": [
                      0.167
                    ]
                  },
                  "t": 0,
                  "s": [
                    140
                  ]
                },
                {
                  "t": 59.7980864401188,
                  "s": [
                    500
                  ]
                }
              ],
              "ix": 10
            },
            "p": {
              "a": 0,
              "k": [
                543,
                34,
                0
              ],
              "ix": 2
            },
            "a": {
              "a": 0,
              "k": [
                149,
                155.5,
                0
              ],
              "ix": 1
            },
            "s": {
              "a": 0,
              "k": [
                9.76,
                7.603,
                100
              ],
              "ix": 6
            }
          },
          "ao": 0,
          "ip": 0,
          "op": 1167.58297591554,
          "st": 0,
          "bm": 0
        },
        {
          "ddd": 0,
          "ind": 8,
          "ty": 2,
          "nm": "2.png",
          "cl": "png",
          "refId": "image_1",
          "sr": 1,
          "ks": {
            "o": {
              "a": 0,
              "k": 100,
              "ix": 11
            },
            "r": {
              "a": 1,
              "k": [
                {
                  "i": {
                    "x": [
                      0.833
                    ],
                    "y": [
                      0.833
                    ]
                  },
                  "o": {
                    "x": [
                      0.167
                    ],
                    "y": [
                      0.167
                    ]
                  },
                  "t": 0,
                  "s": [
                    140
                  ]
                },
                {
                  "t": 59.7980864401188,
                  "s": [
                    500
                  ]
                }
              ],
              "ix": 10
            },
            "p": {
              "a": 0,
              "k": [
                489,
                466,
                0
              ],
              "ix": 2
            },
            "a": {
              "a": 0,
              "k": [
                149,
                155.5,
                0
              ],
              "ix": 1
            },
            "s": {
              "a": 0,
              "k": [
                9.76,
                7.603,
                100
              ],
              "ix": 6
            }
          },
          "ao": 0,
          "ip": 0,
          "op": 1167.58297591554,
          "st": 0,
          "bm": 0
        },
        {
          "ddd": 0,
          "ind": 9,
          "ty": 2,
          "nm": "2.png",
          "cl": "png",
          "refId": "image_1",
          "sr": 1,
          "ks": {
            "o": {
              "a": 0,
              "k": 100,
              "ix": 11
            },
            "r": {
              "a": 1,
              "k": [
                {
                  "i": {
                    "x": [
                      0.833
                    ],
                    "y": [
                      0.833
                    ]
                  },
                  "o": {
                    "x": [
                      0.167
                    ],
                    "y": [
                      0.167
                    ]
                  },
                  "t": 0,
                  "s": [
                    0
                  ]
                },
                {
                  "t": 59.7980864401188,
                  "s": [
                    360
                  ]
                }
              ],
              "ix": 10
            },
            "p": {
              "a": 0,
              "k": [
                121,
                83,
                0
              ],
              "ix": 2
            },
            "a": {
              "a": 0,
              "k": [
                149,
                155.5,
                0
              ],
              "ix": 1
            },
            "s": {
              "a": 0,
              "k": [
                12,
                13.277,
                100
              ],
              "ix": 6
            }
          },
          "ao": 0,
          "ip": 0,
          "op": 1167.58297591554,
          "st": 0,
          "bm": 0
        },
        {
          "ddd": 0,
          "ind": 10,
          "ty": 2,
          "nm": "3.png",
          "cl": "png",
          "refId": "image_2",
          "sr": 1,
          "ks": {
            "o": {
              "a": 0,
              "k": 100,
              "ix": 11
            },
            "r": {
              "a": 1,
              "k": [
                {
                  "i": {
                    "x": [
                      0.833
                    ],
                    "y": [
                      0.833
                    ]
                  },
                  "o": {
                    "x": [
                      0.167
                    ],
                    "y": [
                      0.167
                    ]
                  },
                  "t": 0,
                  "s": [
                    -39
                  ]
                },
                {
                  "t": 59.7980864401188,
                  "s": [
                    -399
                  ]
                }
              ],
              "ix": 10
            },
            "p": {
              "a": 0,
              "k": [
                971,
                74,
                0
              ],
              "ix": 2
            },
            "a": {
              "a": 0,
              "k": [
                146,
                144,
                0
              ],
              "ix": 1
            },
            "s": {
              "a": 0,
              "k": [
                12,
                6.658,
                100
              ],
              "ix": 6
            }
          },
          "ao": 0,
          "ip": 0,
          "op": 1167.58297591554,
          "st": 0,
          "bm": 0
        },
        {
          "ddd": 0,
          "ind": 11,
          "ty": 2,
          "nm": "3.png",
          "cl": "png",
          "refId": "image_2",
          "sr": 1,
          "ks": {
            "o": {
              "a": 0,
              "k": 100,
              "ix": 11
            },
            "r": {
              "a": 1,
              "k": [
                {
                  "i": {
                    "x": [
                      0.833
                    ],
                    "y": [
                      0.833
                    ]
                  },
                  "o": {
                    "x": [
                      0.167
                    ],
                    "y": [
                      0.167
                    ]
                  },
                  "t": 0,
                  "s": [
                    0
                  ]
                },
                {
                  "t": 59.7980864401188,
                  "s": [
                    360
                  ]
                }
              ],
              "ix": 10
            },
            "p": {
              "a": 0,
              "k": [
                120,
                983,
                0
              ],
              "ix": 2
            },
            "a": {
              "a": 0,
              "k": [
                146,
                144,
                0
              ],
              "ix": 1
            },
            "s": {
              "a": 0,
              "k": [
                6.521,
                13.277,
                100
              ],
              "ix": 6
            }
          },
          "ao": 0,
          "ip": 0,
          "op": 1167.58297591554,
          "st": 0,
          "bm": 0
        },
        {
          "ddd": 0,
          "ind": 12,
          "ty": 2,
          "nm": "3.png",
          "cl": "png",
          "refId": "image_2",
          "sr": 1,
          "ks": {
            "o": {
              "a": 0,
              "k": 100,
              "ix": 11
            },
            "r": {
              "a": 1,
              "k": [
                {
                  "i": {
                    "x": [
                      0.833
                    ],
                    "y": [
                      0.833
                    ]
                  },
                  "o": {
                    "x": [
                      0.167
                    ],
                    "y": [
                      0.167
                    ]
                  },
                  "t": 0,
                  "s": [
                    116
                  ]
                },
                {
                  "t": 59.7980864401188,
                  "s": [
                    476
                  ]
                }
              ],
              "ix": 10
            },
            "p": {
              "a": 0,
              "k": [
                117,
                378,
                0
              ],
              "ix": 2
            },
            "a": {
              "a": 0,
              "k": [
                146,
                144,
                0
              ],
              "ix": 1
            },
            "s": {
              "a": 0,
              "k": [
                12,
                13.277,
                100
              ],
              "ix": 6
            }
          },
          "ao": 0,
          "ip": 0,
          "op": 1167.58297591554,
          "st": 0,
          "bm": 0
        },
        {
          "ddd": 0,
          "ind": 13,
          "ty": 2,
          "nm": "4.png",
          "cl": "png",
          "refId": "image_3",
          "sr": 1,
          "ks": {
            "o": {
              "a": 0,
              "k": 100,
              "ix": 11
            },
            "r": {
              "a": 1,
              "k": [
                {
                  "i": {
                    "x": [
                      0.833
                    ],
                    "y": [
                      0.833
                    ]
                  },
                  "o": {
                    "x": [
                      0.167
                    ],
                    "y": [
                      0.167
                    ]
                  },
                  "t": 0,
                  "s": [
                    148
                  ]
                },
                {
                  "t": 59.7980864401188,
                  "s": [
                    508
                  ]
                }
              ],
              "ix": 10
            },
            "p": {
              "a": 0,
              "k": [
                511,
                904,
                0
              ],
              "ix": 2
            },
            "a": {
              "a": 0,
              "k": [
                171,
                114,
                0
              ],
              "ix": 1
            },
            "s": {
              "a": 0,
              "k": [
                12,
                13.277,
                100
              ],
              "ix": 6
            }
          },
          "ao": 0,
          "ip": 0,
          "op": 1167.58297591554,
          "st": 0,
          "bm": 0
        },
        {
          "ddd": 0,
          "ind": 14,
          "ty": 2,
          "nm": "4.png",
          "cl": "png",
          "refId": "image_3",
          "sr": 1,
          "ks": {
            "o": {
              "a": 0,
              "k": 100,
              "ix": 11
            },
            "r": {
              "a": 1,
              "k": [
                {
                  "i": {
                    "x": [
                      0.833
                    ],
                    "y": [
                      0.833
                    ]
                  },
                  "o": {
                    "x": [
                      0.167
                    ],
                    "y": [
                      0.167
                    ]
                  },
                  "t": 0,
                  "s": [
                    0
                  ]
                },
                {
                  "t": 59.7980864401188,
                  "s": [
                    360
                  ]
                }
              ],
              "ix": 10
            },
            "p": {
              "a": 0,
              "k": [
                952,
                356,
                0
              ],
              "ix": 2
            },
            "a": {
              "a": 0,
              "k": [
                171,
                114,
                0
              ],
              "ix": 1
            },
            "s": {
              "a": 0,
              "k": [
                8.491,
                13.277,
                100
              ],
              "ix": 6
            }
          },
          "ao": 0,
          "ip": 0,
          "op": 1167.58297591554,
          "st": 0,
          "bm": 0
        },
        {
          "ddd": 0,
          "ind": 15,
          "ty": 2,
          "nm": "5.png",
          "cl": "png",
          "refId": "image_4",
          "sr": 1,
          "ks": {
            "o": {
              "a": 0,
              "k": 100,
              "ix": 11
            },
            "r": {
              "a": 1,
              "k": [
                {
                  "i": {
                    "x": [
                      0.833
                    ],
                    "y": [
                      0.833
                    ]
                  },
                  "o": {
                    "x": [
                      0.167
                    ],
                    "y": [
                      0.167
                    ]
                  },
                  "t": 0,
                  "s": [
                    0
                  ]
                },
                {
                  "t": 59.7980864401188,
                  "s": [
                    360
                  ]
                }
              ],
              "ix": 10
            },
            "p": {
              "a": 0,
              "k": [
                86,
                836,
                0
              ],
              "ix": 2
            },
            "a": {
              "a": 0,
              "k": [
                174,
                116.5,
                0
              ],
              "ix": 1
            },
            "s": {
              "a": 0,
              "k": [
                8.552,
                13.277,
                100
              ],
              "ix": 6
            }
          },
          "ao": 0,
          "ip": 0,
          "op": 1167.58297591554,
          "st": 0,
          "bm": 0
        },
        {
          "ddd": 0,
          "ind": 16,
          "ty": 2,
          "nm": "5.png",
          "cl": "png",
          "refId": "image_4",
          "sr": 1,
          "ks": {
            "o": {
              "a": 0,
              "k": 100,
              "ix": 11
            },
            "r": {
              "a": 1,
              "k": [
                {
                  "i": {
                    "x": [
                      0.833
                    ],
                    "y": [
                      0.833
                    ]
                  },
                  "o": {
                    "x": [
                      0.167
                    ],
                    "y": [
                      0.167
                    ]
                  },
                  "t": 0,
                  "s": [
                    0
                  ]
                },
                {
                  "t": 59.7980864401188,
                  "s": [
                    360
                  ]
                }
              ],
              "ix": 10
            },
            "p": {
              "a": 0,
              "k": [
                962,
                648,
                0
              ],
              "ix": 2
            },
            "a": {
              "a": 0,
              "k": [
                174,
                116.5,
                0
              ],
              "ix": 1
            },
            "s": {
              "a": 0,
              "k": [
                8.552,
                13.277,
                100
              ],
              "ix": 6
            }
          },
          "ao": 0,
          "ip": 0,
          "op": 1167.58297591554,
          "st": 0,
          "bm": 0
        },
        {
          "ddd": 0,
          "ind": 17,
          "ty": 2,
          "nm": "5.png",
          "cl": "png",
          "refId": "image_4",
          "sr": 1,
          "ks": {
            "o": {
              "a": 0,
              "k": 100,
              "ix": 11
            },
            "r": {
              "a": 1,
              "k": [
                {
                  "i": {
                    "x": [
                      0.833
                    ],
                    "y": [
                      0.833
                    ]
                  },
                  "o": {
                    "x": [
                      0.167
                    ],
                    "y": [
                      0.167
                    ]
                  },
                  "t": 0,
                  "s": [
                    0
                  ]
                },
                {
                  "t": 59.7980864401188,
                  "s": [
                    360
                  ]
                }
              ],
              "ix": 10
            },
            "p": {
              "a": 0,
              "k": [
                402,
                199,
                0
              ],
              "ix": 2
            },
            "a": {
              "a": 0,
              "k": [
                174,
                116.5,
                0
              ],
              "ix": 1
            },
            "s": {
              "a": 0,
              "k": [
                7.402,
                8.126,
                100
              ],
              "ix": 6
            }
          },
          "ao": 0,
          "ip": 0,
          "op": 1167.58297591554,
          "st": 0,
          "bm": 0
        }
      ]
    }
  ],
  "layers": [
    {
      "ddd": 0,
      "ind": 1,
      "ty": 0,
      "nm": "2",
      "refId": "comp_0",
      "sr": 1,
      "ks": {
        "o": {
          "a": 0,
          "k": 100,
          "ix": 11
        },
        "r": {
          "a": 0,
          "k": 0,
          "ix": 10
        },
        "p": {
          "a": 1,
          "k": [
            {
              "i": {
                "x": 0.833,
                "y": 0.833
              },
              "o": {
                "x": 0.167,
                "y": 0.167
              },
              "t": 0,
              "s": [
                540,
                -544,
                0
              ],
              "to": [
                0,
                180.5,
                0
              ],
              "ti": [
                0,
                -180.5,
                0
              ]
            },
            {
              "t": 59.7978515625,
              "s": [
                540,
                539,
                0
              ]
            }
          ],
          "ix": 2
        },
        "a": {
          "a": 0,
          "k": [
            540,
            540,
            0
          ],
          "ix": 1
        },
        "s": {
          "a": 0,
          "k": [
            100,
            100,
            100
          ],
          "ix": 6
        }
      },
      "ao": 0,
      "w": 1080,
      "h": 1080,
      "ip": 0,
      "op": 1167.58297591554,
      "st": 0,
      "bm": 0
    },
    {
      "ddd": 0,
      "ind": 2,
      "ty": 0,
      "nm": "1",
      "refId": "comp_0",
      "sr": 1,
      "ks": {
        "o": {
          "a": 0,
          "k": 100,
          "ix": 11
        },
        "r": {
          "a": 0,
          "k": 0,
          "ix": 10
        },
        "p": {
          "a": 1,
          "k": [
            {
              "i": {
                "x": 0.833,
                "y": 0.833
              },
              "o": {
                "x": 0.167,
                "y": 0.167
              },
              "t": 0,
              "s": [
                540,
                540,
                0
              ],
              "to": [
                0,
                179.833,
                0
              ],
              "ti": [
                0,
                -179.833,
                0
              ]
            },
            {
              "t": 59.7978515625,
              "s": [
                540,
                1619,
                0
              ]
            }
          ],
          "ix": 2
        },
        "a": {
          "a": 0,
          "k": [
            540,
            540,
            0
          ],
          "ix": 1
        },
        "s": {
          "a": 0,
          "k": [
            100,
            100,
            100
          ],
          "ix": 6
        }
      },
      "ao": 0,
      "w": 1080,
      "h": 1080,
      "ip": 0,
      "op": 1167.58297591554,
      "st": 0,
      "bm": 0
    }
  ],
  "markers": []
}