{
  "v": "5.5.9",
  "fr": 30,
  "ip": 0,
  "op": 60,
  "w": 300,
  "h": 300,
  "nm": "lightningstrom",
  "ddd": 0,
  "assets": [
    {
      "id": "image_0",
      "w": 300,
      "h": 300,
      "u": "sticker27/",
      "p": "img_0.png",
      "e": 0
    }
  ],
  "layers": [
    {
      "ddd": 0,
      "ind": 1,
      "ty": 2,
      "nm": "strom.png",
      "cl": "png",
      "refId": "image_0",
      "sr": 1,
      "ks": {
        "o": {
          "a": 1,
          "k": [
            {
              "i": {
                "x": [
                  0.667
                ],
                "y": [
                  1
                ]
              },
              "o": {
                "x": [
                  0.333
                ],
                "y": [
                  0
                ]
              },
              "t": 0,
              "s": [
                0
              ]
            },
            {
              "i": {
                "x": [
                  0.667
                ],
                "y": [
                  1
                ]
              },
              "o": {
                "x": [
                  0.333
                ],
                "y": [
                  0
                ]
              },
              "t": 4.689,
              "s": [
                100
              ]
            },
            {
              "i": {
                "x": [
                  0.667
                ],
                "y": [
                  1
                ]
              },
              "o": {
                "x": [
                  0.333
                ],
                "y": [
                  0
                ]
              },
              "t": 7.034,
              "s": [
                0
              ]
            },
            {
              "i": {
                "x": [
                  0.667
                ],
                "y": [
                  1
                ]
              },
              "o": {
                "x": [
                  0.333
                ],
                "y": [
                  0
                ]
              },
              "t": 9.379,
              "s": [
                100
              ]
            },
            {
              "i": {
                "x": [
                  0.667
                ],
                "y": [
                  1
                ]
              },
              "o": {
                "x": [
                  0.333
                ],
                "y": [
                  0
                ]
              },
              "t": 14.069,
              "s": [
                0
              ]
            },
            {
              "i": {
                "x": [
                  0.833
                ],
                "y": [
                  1
                ]
              },
              "o": {
                "x": [
                  0.167
                ],
                "y": [
                  0
                ]
              },
              "t": 16.414,
              "s": [
                100
              ]
            },
            {
              "t": 24,
              "s": [
                0
              ]
            }
          ],
          "ix": 11
        },
        "r": {
          "a": 0,
          "k": 0,
          "ix": 10
        },
        "p": {
          "a": 0,
          "k": [
            150,
            150,
            0
          ],
          "ix": 2
        },
        "a": {
          "a": 0,
          "k": [
            150,
            150,
            0
          ],
          "ix": 1
        },
        "s": {
          "a": 0,
          "k": [
            100,
            100,
            100
          ],
          "ix": 6
        }
      },
      "ao": 0,
      "ip": 0,
      "op": 60,
      "st": 0,
      "bm": 0
    },
    {
      "ddd": 0,
      "ind": 2,
      "ty": 4,
      "nm": "Shape Layer 1",
      "sr": 1,
      "ks": {
        "o": {
          "a": 1,
          "k": [
            {
              "i": {
                "x": [
                  0.667
                ],
                "y": [
                  1
                ]
              },
              "o": {
                "x": [
                  0.333
                ],
                "y": [
                  0
                ]
              },
              "t": 0,
              "s": [
                0
              ]
            },
            {
              "i": {
                "x": [
                  0.667
                ],
                "y": [
                  1
                ]
              },
              "o": {
                "x": [
                  0.333
                ],
                "y": [
                  0
                ]
              },
              "t": 4.689,
              "s": [
                100
              ]
            },
            {
              "i": {
                "x": [
                  0.667
                ],
                "y": [
                  1
                ]
              },
              "o": {
                "x": [
                  0.333
                ],
                "y": [
                  0
                ]
              },
              "t": 7.034,
              "s": [
                0
              ]
            },
            {
              "i": {
                "x": [
                  0.667
                ],
                "y": [
                  1
                ]
              },
              "o": {
                "x": [
                  0.333
                ],
                "y": [
                  0
                ]
              },
              "t": 9.379,
              "s": [
                100
              ]
            },
            {
              "i": {
                "x": [
                  0.667
                ],
                "y": [
                  1
                ]
              },
              "o": {
                "x": [
                  0.333
                ],
                "y": [
                  0
                ]
              },
              "t": 14.069,
              "s": [
                0
              ]
            },
            {
              "t": 16.4140625,
              "s": [
                100
              ]
            }
          ],
          "ix": 11
        },
        "r": {
          "a": 0,
          "k": 0,
          "ix": 10
        },
        "p": {
          "a": 0,
          "k": [
            150,
            136,
            0
          ],
          "ix": 2
        },
        "a": {
          "a": 0,
          "k": [
            0,
            0,
            0
          ],
          "ix": 1
        },
        "s": {
          "a": 0,
          "k": [
            135,
            135,
            100
          ],
          "ix": 6
        }
      },
      "ao": 0,
      "ef": [
        {
          "ty": 5,
          "nm": "Glow",
          "np": 17,
          "mn": "ADBE Glo2",
          "ix": 1,
          "en": 1,
          "ef": [
            {
              "ty": 7,
              "nm": "Glow Based On",
              "mn": "ADBE Glo2-0001",
              "ix": 1,
              "v": {
                "a": 0,
                "k": 1,
                "ix": 1
              }
            },
            {
              "ty": 0,
              "nm": "Glow Threshold",
              "mn": "ADBE Glo2-0002",
              "ix": 2,
              "v": {
                "a": 0,
                "k": 136,
                "ix": 2
              }
            },
            {
              "ty": 0,
              "nm": "Glow Radius",
              "mn": "ADBE Glo2-0003",
              "ix": 3,
              "v": {
                "a": 1,
                "k": [
                  {
                    "i": {
                      "x": [
                        0.667
                      ],
                      "y": [
                        1
                      ]
                    },
                    "o": {
                      "x": [
                        0.333
                      ],
                      "y": [
                        0
                      ]
                    },
                    "t": 16.414,
                    "s": [
                      31
                    ]
                  },
                  {
                    "t": 24,
                    "s": [
                      10
                    ]
                  }
                ],
                "ix": 3
              }
            },
            {
              "ty": 0,
              "nm": "Glow Intensity",
              "mn": "ADBE Glo2-0004",
              "ix": 4,
              "v": {
                "a": 1,
                "k": [
                  {
                    "i": {
                      "x": [
                        0.667
                      ],
                      "y": [
                        1
                      ]
                    },
                    "o": {
                      "x": [
                        0.333
                      ],
                      "y": [
                        0
                      ]
                    },
                    "t": 16.414,
                    "s": [
                      14.54
                    ]
                  },
                  {
                    "t": 24,
                    "s": [
                      3
                    ]
                  }
                ],
                "ix": 4
              }
            },
            {
              "ty": 7,
              "nm": "Composite Original",
              "mn": "ADBE Glo2-0005",
              "ix": 5,
              "v": {
                "a": 0,
                "k": 1,
                "ix": 5
              }
            },
            {
              "ty": 7,
              "nm": "Glow Operation",
              "mn": "ADBE Glo2-0006",
              "ix": 6,
              "v": {
                "a": 0,
                "k": 3,
                "ix": 6
              }
            },
            {
              "ty": 7,
              "nm": "Glow Colors",
              "mn": "ADBE Glo2-0007",
              "ix": 7,
              "v": {
                "a": 0,
                "k": 2,
                "ix": 7
              }
            },
            {
              "ty": 7,
              "nm": "Color Looping",
              "mn": "ADBE Glo2-0008",
              "ix": 8,
              "v": {
                "a": 0,
                "k": 3,
                "ix": 8
              }
            },
            {
              "ty": 0,
              "nm": "Color Loops",
              "mn": "ADBE Glo2-0009",
              "ix": 9,
              "v": {
                "a": 0,
                "k": 1,
                "ix": 9
              }
            },
            {
              "ty": 0,
              "nm": "Color Phase",
              "mn": "ADBE Glo2-0010",
              "ix": 10,
              "v": {
                "a": 0,
                "k": 0,
                "ix": 10
              }
            },
            {
              "ty": 0,
              "nm": "A & B Midpoint",
              "mn": "ADBE Glo2-0011",
              "ix": 11,
              "v": {
                "a": 0,
                "k": 0.5,
                "ix": 11
              }
            },
            {
              "ty": 2,
              "nm": "Color A",
              "mn": "ADBE Glo2-0012",
              "ix": 12,
              "v": {
                "a": 0,
                "k": [
                  0,
                  0.783639788628,
                  1,
                  1
                ],
                "ix": 12
              }
            },
            {
              "ty": 2,
              "nm": "Color B",
              "mn": "ADBE Glo2-0013",
              "ix": 13,
              "v": {
                "a": 0,
                "k": [
                  0,
                  0.783639788628,
                  1,
                  1
                ],
                "ix": 13
              }
            },
            {
              "ty": 7,
              "nm": "Glow Dimensions",
              "mn": "ADBE Glo2-0014",
              "ix": 14,
              "v": {
                "a": 0,
                "k": 1,
                "ix": 14
              }
            },
            {
              "ty": 7,
              "nm": "GPU Rendering",
              "mn": "ADBE Force CPU GPU",
              "ix": 15,
              "v": {
                "a": 0,
                "k": 1,
                "ix": 15
              }
            }
          ]
        }
      ],
      "shapes": [
        {
          "ty": "gr",
          "it": [
            {
              "ind": 0,
              "ty": "sh",
              "ix": 1,
              "ks": {
                "a": 0,
                "k": {
                  "i": [
                    [
                      0,
                      0
                    ],
                    [
                      0,
                      -0.75
                    ],
                    [
                      1,
                      -0.75
                    ],
                    [
                      0.572,
                      -0.858
                    ],
                    [
                      0,
                      -0.75
                    ]
                  ],
                  "o": [
                    [
                      0,
                      0
                    ],
                    [
                      0,
                      0.75
                    ],
                    [
                      -1,
                      0.75
                    ],
                    [
                      -2,
                      3
                    ],
                    [
                      0,
                      0.75
                    ]
                  ],
                  "v": [
                    [
                      -38.75,
                      98.75
                    ],
                    [
                      -42,
                      102.75
                    ],
                    [
                      -43,
                      106.25
                    ],
                    [
                      -50.75,
                      108.5
                    ],
                    [
                      -58.25,
                      112.75
                    ]
                  ],
                  "c": false
                },
                "ix": 2
              },
              "nm": "Path 1",
              "mn": "ADBE Vector Shape - Group",
              "hd": false
            },
            {
              "ty": "st",
              "c": {
                "a": 0,
                "k": [
                  1,
                  1,
                  1,
                  1
                ],
                "ix": 3
              },
              "o": {
                "a": 0,
                "k": 100,
                "ix": 4
              },
              "w": {
                "a": 0,
                "k": 1,
                "ix": 5
              },
              "lc": 1,
              "lj": 1,
              "ml": 4,
              "bm": 0,
              "nm": "Stroke 1",
              "mn": "ADBE Vector Graphic - Stroke",
              "hd": false
            },
            {
              "ty": "tr",
              "p": {
                "a": 0,
                "k": [
                  0,
                  0
                ],
                "ix": 2
              },
              "a": {
                "a": 0,
                "k": [
                  0,
                  0
                ],
                "ix": 1
              },
              "s": {
                "a": 0,
                "k": [
                  100,
                  100
                ],
                "ix": 3
              },
              "r": {
                "a": 0,
                "k": 0,
                "ix": 6
              },
              "o": {
                "a": 0,
                "k": 100,
                "ix": 7
              },
              "sk": {
                "a": 0,
                "k": 0,
                "ix": 4
              },
              "sa": {
                "a": 0,
                "k": 0,
                "ix": 5
              },
              "nm": "Transform"
            }
          ],
          "nm": "Shape 7",
          "np": 3,
          "cix": 2,
          "bm": 0,
          "ix": 1,
          "mn": "ADBE Vector Group",
          "hd": false
        },
        {
          "ty": "gr",
          "it": [
            {
              "ind": 0,
              "ty": "sh",
              "ix": 1,
              "ks": {
                "a": 0,
                "k": {
                  "i": [
                    [
                      0,
                      0
                    ],
                    [
                      0,
                      0
                    ],
                    [
                      0.25,
                      -2.25
                    ],
                    [
                      0.25,
                      -1.5
                    ],
                    [
                      -0.5,
                      -0.75
                    ],
                    [
                      -2.5,
                      -1.5
                    ],
                    [
                      -1.75,
                      -2
                    ]
                  ],
                  "o": [
                    [
                      0,
                      0
                    ],
                    [
                      0,
                      0
                    ],
                    [
                      -0.25,
                      2.25
                    ],
                    [
                      -0.25,
                      1.5
                    ],
                    [
                      0.5,
                      0.75
                    ],
                    [
                      2.5,
                      1.5
                    ],
                    [
                      1.75,
                      2
                    ]
                  ],
                  "v": [
                    [
                      -24.75,
                      81.5
                    ],
                    [
                      -25,
                      88.5
                    ],
                    [
                      -24.25,
                      93.75
                    ],
                    [
                      -25.25,
                      99.75
                    ],
                    [
                      -21.75,
                      110.75
                    ],
                    [
                      -16.5,
                      113.5
                    ],
                    [
                      -10.5,
                      119
                    ]
                  ],
                  "c": false
                },
                "ix": 2
              },
              "nm": "Path 1",
              "mn": "ADBE Vector Shape - Group",
              "hd": false
            },
            {
              "ty": "st",
              "c": {
                "a": 0,
                "k": [
                  1,
                  1,
                  1,
                  1
                ],
                "ix": 3
              },
              "o": {
                "a": 0,
                "k": 100,
                "ix": 4
              },
              "w": {
                "a": 0,
                "k": 1,
                "ix": 5
              },
              "lc": 1,
              "lj": 1,
              "ml": 4,
              "bm": 0,
              "nm": "Stroke 1",
              "mn": "ADBE Vector Graphic - Stroke",
              "hd": false
            },
            {
              "ty": "tr",
              "p": {
                "a": 0,
                "k": [
                  0,
                  0
                ],
                "ix": 2
              },
              "a": {
                "a": 0,
                "k": [
                  0,
                  0
                ],
                "ix": 1
              },
              "s": {
                "a": 0,
                "k": [
                  100,
                  100
                ],
                "ix": 3
              },
              "r": {
                "a": 0,
                "k": 0,
                "ix": 6
              },
              "o": {
                "a": 0,
                "k": 100,
                "ix": 7
              },
              "sk": {
                "a": 0,
                "k": 0,
                "ix": 4
              },
              "sa": {
                "a": 0,
                "k": 0,
                "ix": 5
              },
              "nm": "Transform"
            }
          ],
          "nm": "Shape 6",
          "np": 3,
          "cix": 2,
          "bm": 0,
          "ix": 2,
          "mn": "ADBE Vector Group",
          "hd": false
        },
        {
          "ty": "gr",
          "it": [
            {
              "ind": 0,
              "ty": "sh",
              "ix": 1,
              "ks": {
                "a": 0,
                "k": {
                  "i": [
                    [
                      0,
                      0
                    ],
                    [
                      0,
                      0
                    ],
                    [
                      0,
                      0
                    ],
                    [
                      0,
                      -1.25
                    ],
                    [
                      -0.5,
                      -0.75
                    ],
                    [
                      -0.75,
                      -0.5
                    ],
                    [
                      -0.5,
                      -1.75
                    ],
                    [
                      -0.5,
                      -1
                    ],
                    [
                      0,
                      0
                    ],
                    [
                      -0.5,
                      -0.75
                    ]
                  ],
                  "o": [
                    [
                      0,
                      0
                    ],
                    [
                      0,
                      0
                    ],
                    [
                      0,
                      0
                    ],
                    [
                      0,
                      1.25
                    ],
                    [
                      0.5,
                      0.75
                    ],
                    [
                      0.75,
                      0.5
                    ],
                    [
                      0.5,
                      1.75
                    ],
                    [
                      0.5,
                      1
                    ],
                    [
                      0,
                      0
                    ],
                    [
                      0.5,
                      0.75
                    ]
                  ],
                  "v": [
                    [
                      13,
                      -21.5
                    ],
                    [
                      15,
                      -14.25
                    ],
                    [
                      21,
                      -10.5
                    ],
                    [
                      23,
                      -0.75
                    ],
                    [
                      27.75,
                      6.5
                    ],
                    [
                      31,
                      14.75
                    ],
                    [
                      39.25,
                      18
                    ],
                    [
                      43.25,
                      26.75
                    ],
                    [
                      50.25,
                      34
                    ],
                    [
                      57,
                      42.75
                    ]
                  ],
                  "c": false
                },
                "ix": 2
              },
              "nm": "Path 1",
              "mn": "ADBE Vector Shape - Group",
              "hd": false
            },
            {
              "ty": "st",
              "c": {
                "a": 0,
                "k": [
                  1,
                  1,
                  1,
                  1
                ],
                "ix": 3
              },
              "o": {
                "a": 0,
                "k": 100,
                "ix": 4
              },
              "w": {
                "a": 0,
                "k": 1,
                "ix": 5
              },
              "lc": 1,
              "lj": 1,
              "ml": 4,
              "bm": 0,
              "nm": "Stroke 1",
              "mn": "ADBE Vector Graphic - Stroke",
              "hd": false
            },
            {
              "ty": "tr",
              "p": {
                "a": 0,
                "k": [
                  0,
                  0
                ],
                "ix": 2
              },
              "a": {
                "a": 0,
                "k": [
                  0,
                  0
                ],
                "ix": 1
              },
              "s": {
                "a": 0,
                "k": [
                  100,
                  100
                ],
                "ix": 3
              },
              "r": {
                "a": 0,
                "k": 0,
                "ix": 6
              },
              "o": {
                "a": 0,
                "k": 100,
                "ix": 7
              },
              "sk": {
                "a": 0,
                "k": 0,
                "ix": 4
              },
              "sa": {
                "a": 0,
                "k": 0,
                "ix": 5
              },
              "nm": "Transform"
            }
          ],
          "nm": "Shape 5",
          "np": 3,
          "cix": 2,
          "bm": 0,
          "ix": 3,
          "mn": "ADBE Vector Group",
          "hd": false
        },
        {
          "ty": "gr",
          "it": [
            {
              "ind": 0,
              "ty": "sh",
              "ix": 1,
              "ks": {
                "a": 0,
                "k": {
                  "i": [
                    [
                      0,
                      0
                    ],
                    [
                      0,
                      0
                    ],
                    [
                      0.75,
                      -1.5
                    ],
                    [
                      0,
                      -1.25
                    ],
                    [
                      -0.25,
                      -1
                    ],
                    [
                      -0.5,
                      -0.75
                    ],
                    [
                      0,
                      -1
                    ],
                    [
                      0.5,
                      -4
                    ],
                    [
                      -0.25,
                      -1
                    ]
                  ],
                  "o": [
                    [
                      0,
                      0
                    ],
                    [
                      0,
                      0
                    ],
                    [
                      -0.75,
                      1.5
                    ],
                    [
                      0,
                      1.25
                    ],
                    [
                      0.25,
                      1
                    ],
                    [
                      0.5,
                      0.75
                    ],
                    [
                      0,
                      1
                    ],
                    [
                      -0.5,
                      4
                    ],
                    [
                      0.25,
                      1
                    ]
                  ],
                  "v": [
                    [
                      -25.75,
                      -63.25
                    ],
                    [
                      -27.5,
                      -58.5
                    ],
                    [
                      -30.5,
                      -56.25
                    ],
                    [
                      -31.75,
                      -50.75
                    ],
                    [
                      -32,
                      -44.75
                    ],
                    [
                      -23.75,
                      -37.75
                    ],
                    [
                      -22.75,
                      -30.75
                    ],
                    [
                      -19.25,
                      -22.25
                    ],
                    [
                      -20.25,
                      -13
                    ]
                  ],
                  "c": false
                },
                "ix": 2
              },
              "nm": "Path 1",
              "mn": "ADBE Vector Shape - Group",
              "hd": false
            },
            {
              "ty": "st",
              "c": {
                "a": 0,
                "k": [
                  1,
                  1,
                  1,
                  1
                ],
                "ix": 3
              },
              "o": {
                "a": 0,
                "k": 100,
                "ix": 4
              },
              "w": {
                "a": 0,
                "k": 1,
                "ix": 5
              },
              "lc": 1,
              "lj": 1,
              "ml": 4,
              "bm": 0,
              "nm": "Stroke 1",
              "mn": "ADBE Vector Graphic - Stroke",
              "hd": false
            },
            {
              "ty": "tr",
              "p": {
                "a": 0,
                "k": [
                  0,
                  0
                ],
                "ix": 2
              },
              "a": {
                "a": 0,
                "k": [
                  0,
                  0
                ],
                "ix": 1
              },
              "s": {
                "a": 0,
                "k": [
                  100,
                  100
                ],
                "ix": 3
              },
              "r": {
                "a": 0,
                "k": 0,
                "ix": 6
              },
              "o": {
                "a": 0,
                "k": 100,
                "ix": 7
              },
              "sk": {
                "a": 0,
                "k": 0,
                "ix": 4
              },
              "sa": {
                "a": 0,
                "k": 0,
                "ix": 5
              },
              "nm": "Transform"
            }
          ],
          "nm": "Shape 4",
          "np": 3,
          "cix": 2,
          "bm": 0,
          "ix": 4,
          "mn": "ADBE Vector Group",
          "hd": false
        },
        {
          "ty": "gr",
          "it": [
            {
              "ind": 0,
              "ty": "sh",
              "ix": 1,
              "ks": {
                "a": 0,
                "k": {
                  "i": [
                    [
                      -2,
                      0.5
                    ],
                    [
                      -3.25,
                      -1
                    ],
                    [
                      -5.361,
                      -1.372
                    ],
                    [
                      -3,
                      -2.25
                    ],
                    [
                      -2.75,
                      0.75
                    ]
                  ],
                  "o": [
                    [
                      2,
                      -0.5
                    ],
                    [
                      3.25,
                      1
                    ],
                    [
                      10.75,
                      2.75
                    ],
                    [
                      3,
                      2.25
                    ],
                    [
                      2.75,
                      -0.75
                    ]
                  ],
                  "v": [
                    [
                      9.25,
                      -46.5
                    ],
                    [
                      15.25,
                      -49
                    ],
                    [
                      31,
                      -43.25
                    ],
                    [
                      48,
                      -38.75
                    ],
                    [
                      63.25,
                      -32
                    ]
                  ],
                  "c": false
                },
                "ix": 2
              },
              "nm": "Path 1",
              "mn": "ADBE Vector Shape - Group",
              "hd": false
            },
            {
              "ty": "st",
              "c": {
                "a": 0,
                "k": [
                  1,
                  1,
                  1,
                  1
                ],
                "ix": 3
              },
              "o": {
                "a": 0,
                "k": 100,
                "ix": 4
              },
              "w": {
                "a": 0,
                "k": 1,
                "ix": 5
              },
              "lc": 1,
              "lj": 1,
              "ml": 4,
              "bm": 0,
              "nm": "Stroke 1",
              "mn": "ADBE Vector Graphic - Stroke",
              "hd": false
            },
            {
              "ty": "tr",
              "p": {
                "a": 0,
                "k": [
                  0,
                  0
                ],
                "ix": 2
              },
              "a": {
                "a": 0,
                "k": [
                  0,
                  0
                ],
                "ix": 1
              },
              "s": {
                "a": 0,
                "k": [
                  100,
                  100
                ],
                "ix": 3
              },
              "r": {
                "a": 0,
                "k": 0,
                "ix": 6
              },
              "o": {
                "a": 0,
                "k": 100,
                "ix": 7
              },
              "sk": {
                "a": 0,
                "k": 0,
                "ix": 4
              },
              "sa": {
                "a": 0,
                "k": 0,
                "ix": 5
              },
              "nm": "Transform"
            }
          ],
          "nm": "Shape 3",
          "np": 3,
          "cix": 2,
          "bm": 0,
          "ix": 5,
          "mn": "ADBE Vector Group",
          "hd": false
        },
        {
          "ty": "gr",
          "it": [
            {
              "ind": 0,
              "ty": "sh",
              "ix": 1,
              "ks": {
                "a": 0,
                "k": {
                  "i": [
                    [
                      0,
                      0
                    ],
                    [
                      0,
                      0
                    ],
                    [
                      0,
                      -0.312
                    ],
                    [
                      0.062,
                      -0.25
                    ],
                    [
                      0,
                      0
                    ],
                    [
                      0,
                      0
                    ],
                    [
                      0,
                      0
                    ],
                    [
                      0,
                      0
                    ],
                    [
                      0.5,
                      -3
                    ],
                    [
                      0.25,
                      -1.875
                    ],
                    [
                      0,
                      0
                    ],
                    [
                      0,
                      0
                    ],
                    [
                      -0.375,
                      -1.875
                    ],
                    [
                      0,
                      0
                    ],
                    [
                      -0.125,
                      -0.375
                    ],
                    [
                      -0.125,
                      -0.625
                    ],
                    [
                      0,
                      0
                    ],
                    [
                      0,
                      0
                    ],
                    [
                      0,
                      -0.375
                    ]
                  ],
                  "o": [
                    [
                      0,
                      0
                    ],
                    [
                      0,
                      0
                    ],
                    [
                      0,
                      0.312
                    ],
                    [
                      -0.062,
                      0.25
                    ],
                    [
                      0,
                      0
                    ],
                    [
                      0,
                      0
                    ],
                    [
                      0,
                      0
                    ],
                    [
                      0,
                      0
                    ],
                    [
                      -0.5,
                      3
                    ],
                    [
                      -0.25,
                      1.875
                    ],
                    [
                      0,
                      0
                    ],
                    [
                      0,
                      0
                    ],
                    [
                      0.375,
                      1.875
                    ],
                    [
                      0,
                      0
                    ],
                    [
                      0.125,
                      0.375
                    ],
                    [
                      0.125,
                      0.625
                    ],
                    [
                      0,
                      0
                    ],
                    [
                      0,
                      0
                    ],
                    [
                      0,
                      0.375
                    ]
                  ],
                  "v": [
                    [
                      15.188,
                      17.875
                    ],
                    [
                      12.875,
                      19.062
                    ],
                    [
                      10.5,
                      22.312
                    ],
                    [
                      9.312,
                      27.125
                    ],
                    [
                      8.938,
                      30.938
                    ],
                    [
                      9.375,
                      36.25
                    ],
                    [
                      3.125,
                      40
                    ],
                    [
                      -0.625,
                      44.75
                    ],
                    [
                      -6.375,
                      49.875
                    ],
                    [
                      -10,
                      58.125
                    ],
                    [
                      -14.75,
                      65.625
                    ],
                    [
                      -19.75,
                      68.75
                    ],
                    [
                      -25.625,
                      73.375
                    ],
                    [
                      -28.125,
                      82.25
                    ],
                    [
                      -31.5,
                      92.75
                    ],
                    [
                      -33.875,
                      99.5
                    ],
                    [
                      -33.375,
                      109.5
                    ],
                    [
                      -35.625,
                      114.125
                    ],
                    [
                      -36,
                      120.625
                    ]
                  ],
                  "c": false
                },
                "ix": 2
              },
              "nm": "Path 1",
              "mn": "ADBE Vector Shape - Group",
              "hd": false
            },
            {
              "ty": "st",
              "c": {
                "a": 0,
                "k": [
                  1,
                  1,
                  1,
                  1
                ],
                "ix": 3
              },
              "o": {
                "a": 0,
                "k": 100,
                "ix": 4
              },
              "w": {
                "a": 0,
                "k": 1,
                "ix": 5
              },
              "lc": 1,
              "lj": 1,
              "ml": 4,
              "bm": 0,
              "nm": "Stroke 1",
              "mn": "ADBE Vector Graphic - Stroke",
              "hd": false
            },
            {
              "ty": "tr",
              "p": {
                "a": 0,
                "k": [
                  0,
                  0
                ],
                "ix": 2
              },
              "a": {
                "a": 0,
                "k": [
                  0,
                  0
                ],
                "ix": 1
              },
              "s": {
                "a": 0,
                "k": [
                  100,
                  100
                ],
                "ix": 3
              },
              "r": {
                "a": 0,
                "k": 0,
                "ix": 6
              },
              "o": {
                "a": 0,
                "k": 100,
                "ix": 7
              },
              "sk": {
                "a": 0,
                "k": 0,
                "ix": 4
              },
              "sa": {
                "a": 0,
                "k": 0,
                "ix": 5
              },
              "nm": "Transform"
            }
          ],
          "nm": "Shape 2",
          "np": 3,
          "cix": 2,
          "bm": 0,
          "ix": 6,
          "mn": "ADBE Vector Group",
          "hd": false
        },
        {
          "ty": "gr",
          "it": [
            {
              "ind": 0,
              "ty": "sh",
              "ix": 1,
              "ks": {
                "a": 0,
                "k": {
                  "i": [
                    [
                      0,
                      0
                    ],
                    [
                      1.25,
                      1.5
                    ],
                    [
                      0.75,
                      1.5
                    ],
                    [
                      -0.25,
                      2.5
                    ],
                    [
                      0,
                      0
                    ],
                    [
                      0,
                      0
                    ],
                    [
                      0,
                      0.75
                    ],
                    [
                      0,
                      0
                    ],
                    [
                      0,
                      0
                    ],
                    [
                      0,
                      0
                    ],
                    [
                      0,
                      0
                    ],
                    [
                      0,
                      -0.75
                    ],
                    [
                      0,
                      0
                    ],
                    [
                      0,
                      0
                    ],
                    [
                      -0.25,
                      -0.75
                    ],
                    [
                      0,
                      0
                    ],
                    [
                      -0.25,
                      -0.75
                    ],
                    [
                      0,
                      0
                    ],
                    [
                      0,
                      0
                    ],
                    [
                      0,
                      0
                    ],
                    [
                      0,
                      -1
                    ],
                    [
                      0,
                      0
                    ],
                    [
                      0,
                      0
                    ],
                    [
                      0,
                      -0.75
                    ],
                    [
                      0,
                      0
                    ],
                    [
                      0,
                      0
                    ],
                    [
                      -1,
                      -0.75
                    ],
                    [
                      -0.75,
                      -1.25
                    ],
                    [
                      -0.25,
                      -2
                    ],
                    [
                      -0.25,
                      -2.25
                    ],
                    [
                      -2.25,
                      -3.25
                    ],
                    [
                      -0.5,
                      -1
                    ],
                    [
                      0.75,
                      -3.75
                    ],
                    [
                      0,
                      0
                    ],
                    [
                      0,
                      0
                    ],
                    [
                      -2.25,
                      -3.75
                    ],
                    [
                      0,
                      -1.25
                    ]
                  ],
                  "o": [
                    [
                      0,
                      0
                    ],
                    [
                      -1.25,
                      -1.5
                    ],
                    [
                      -0.75,
                      -1.5
                    ],
                    [
                      0.25,
                      -2.5
                    ],
                    [
                      0,
                      0
                    ],
                    [
                      0,
                      0
                    ],
                    [
                      0,
                      -0.75
                    ],
                    [
                      0,
                      0
                    ],
                    [
                      0,
                      0
                    ],
                    [
                      0,
                      0
                    ],
                    [
                      0,
                      0
                    ],
                    [
                      0,
                      0.75
                    ],
                    [
                      0,
                      0
                    ],
                    [
                      0,
                      0
                    ],
                    [
                      0.25,
                      0.75
                    ],
                    [
                      0,
                      0
                    ],
                    [
                      0.25,
                      0.75
                    ],
                    [
                      0,
                      0
                    ],
                    [
                      0,
                      0
                    ],
                    [
                      0,
                      0
                    ],
                    [
                      0,
                      1
                    ],
                    [
                      0,
                      0
                    ],
                    [
                      0,
                      0
                    ],
                    [
                      0,
                      0.75
                    ],
                    [
                      0,
                      0
                    ],
                    [
                      0,
                      0
                    ],
                    [
                      1,
                      0.75
                    ],
                    [
                      0.75,
                      1.25
                    ],
                    [
                      0.25,
                      2
                    ],
                    [
                      0.25,
                      2.25
                    ],
                    [
                      2.25,
                      3.25
                    ],
                    [
                      0.5,
                      1
                    ],
                    [
                      -0.75,
                      3.75
                    ],
                    [
                      0,
                      0
                    ],
                    [
                      0,
                      0
                    ],
                    [
                      2.25,
                      3.75
                    ],
                    [
                      0,
                      1.25
                    ]
                  ],
                  "v": [
                    [
                      0.25,
                      -53.25
                    ],
                    [
                      -2.75,
                      -62
                    ],
                    [
                      -7.75,
                      -66
                    ],
                    [
                      -8.5,
                      -72.25
                    ],
                    [
                      -8.25,
                      -78.75
                    ],
                    [
                      -6.5,
                      -85.5
                    ],
                    [
                      -6.5,
                      -94.5
                    ],
                    [
                      -9.5,
                      -97.5
                    ],
                    [
                      -19.5,
                      -98.75
                    ],
                    [
                      -19.5,
                      -89.75
                    ],
                    [
                      -20,
                      -81.5
                    ],
                    [
                      -20.75,
                      -77
                    ],
                    [
                      -21.75,
                      -69.5
                    ],
                    [
                      -21.75,
                      -66.25
                    ],
                    [
                      -17.5,
                      -61
                    ],
                    [
                      -13,
                      -57.25
                    ],
                    [
                      -9,
                      -57
                    ],
                    [
                      -5,
                      -53.5
                    ],
                    [
                      0,
                      -47.75
                    ],
                    [
                      4.25,
                      -45
                    ],
                    [
                      3.5,
                      -38.75
                    ],
                    [
                      5.75,
                      -33.25
                    ],
                    [
                      10.25,
                      -23.25
                    ],
                    [
                      9.25,
                      -15.5
                    ],
                    [
                      8.5,
                      -5.75
                    ],
                    [
                      8.25,
                      6.5
                    ],
                    [
                      10.75,
                      12.5
                    ],
                    [
                      16,
                      17.75
                    ],
                    [
                      20.25,
                      27.75
                    ],
                    [
                      21.25,
                      38.5
                    ],
                    [
                      27,
                      58
                    ],
                    [
                      30.5,
                      68.5
                    ],
                    [
                      35.75,
                      73
                    ],
                    [
                      41,
                      82.5
                    ],
                    [
                      39.75,
                      96.75
                    ],
                    [
                      34.25,
                      106.75
                    ],
                    [
                      38.5,
                      117.5
                    ]
                  ],
                  "c": false
                },
                "ix": 2
              },
              "nm": "Path 1",
              "mn": "ADBE Vector Shape - Group",
              "hd": false
            },
            {
              "ty": "st",
              "c": {
                "a": 0,
                "k": [
                  1,
                  1,
                  1,
                  1
                ],
                "ix": 3
              },
              "o": {
                "a": 0,
                "k": 100,
                "ix": 4
              },
              "w": {
                "a": 0,
                "k": 1,
                "ix": 5
              },
              "lc": 1,
              "lj": 1,
              "ml": 4,
              "bm": 0,
              "nm": "Stroke 1",
              "mn": "ADBE Vector Graphic - Stroke",
              "hd": false
            },
            {
              "ty": "tr",
              "p": {
                "a": 0,
                "k": [
                  0,
                  0
                ],
                "ix": 2
              },
              "a": {
                "a": 0,
                "k": [
                  0,
                  0
                ],
                "ix": 1
              },
              "s": {
                "a": 0,
                "k": [
                  100,
                  100
                ],
                "ix": 3
              },
              "r": {
                "a": 0,
                "k": 0,
                "ix": 6
              },
              "o": {
                "a": 0,
                "k": 100,
                "ix": 7
              },
              "sk": {
                "a": 0,
                "k": 0,
                "ix": 4
              },
              "sa": {
                "a": 0,
                "k": 0,
                "ix": 5
              },
              "nm": "Transform"
            }
          ],
          "nm": "Shape 1",
          "np": 3,
          "cix": 2,
          "bm": 0,
          "ix": 7,
          "mn": "ADBE Vector Group",
          "hd": false
        },
        {
          "ty": "tm",
          "s": {
            "a": 1,
            "k": [
              {
                "i": {
                  "x": [
                    0.667
                  ],
                  "y": [
                    1
                  ]
                },
                "o": {
                  "x": [
                    0.333
                  ],
                  "y": [
                    0
                  ]
                },
                "t": 24,
                "s": [
                  0
                ]
              },
              {
                "t": 38,
                "s": [
                  100
                ]
              }
            ],
            "ix": 1
          },
          "e": {
            "a": 0,
            "k": 100,
            "ix": 2
          },
          "o": {
            "a": 0,
            "k": 0,
            "ix": 3
          },
          "m": 1,
          "ix": 8,
          "nm": "Trim Paths 1",
          "mn": "ADBE Vector Filter - Trim",
          "hd": false
        }
      ],
      "ip": 0,
      "op": 60,
      "st": 0,
      "bm": 0
    }
  ],
  "markers": []
}