{"v":"5.5.9","fr":90,"ip":0,"op":999,"w":380,"h":380,"nm":"画板","ddd":0,"assets":[],"layers":[{"ddd":0,"ind":1,"ty":3,"nm":"▽ Image","sr":1,"ks":{"o":{"a":0,"k":100,"ix":11},"r":{"a":0,"k":0,"ix":10},"p":{"a":1,"k":[{"i":{"x":0.667,"y":1},"o":{"x":0.333,"y":0},"t":302,"s":[313,267,0],"to":[-3,0,0],"ti":[0,0,0]},{"i":{"x":0.667,"y":1},"o":{"x":0.333,"y":0},"t":519,"s":[295,267,0],"to":[0,0,0],"ti":[-3,0,0]},{"t":748,"s":[313,267,0]}],"ix":2},"a":{"a":0,"k":[35.5,23.5,0],"ix":1},"s":{"a":0,"k":[-100,100,100],"ix":6}},"ao":0,"ip":0,"op":999,"st":0,"bm":0},{"ddd":0,"ind":2,"ty":4,"nm":"Sun","parent":1,"sr":1,"ks":{"o":{"a":0,"k":100,"ix":11},"r":{"a":0,"k":0,"ix":10},"p":{"a":0,"k":[55.25,15.75,0],"ix":2},"a":{"a":0,"k":[0,0,0],"ix":1},"s":{"a":0,"k":[100,100,100],"ix":6}},"ao":0,"shapes":[{"ty":"gr","it":[{"d":1,"ty":"el","s":{"a":0,"k":[13.5,13.5],"ix":2},"p":{"a":0,"k":[0,0],"ix":3},"nm":"椭圆路径 1","mn":"ADBE Vector Shape - Ellipse","hd":false},{"ty":"fl","c":{"a":0,"k":[1,1,1,1],"ix":4},"o":{"a":0,"k":100,"ix":5},"r":1,"bm":0,"nm":"填充 1","mn":"ADBE Vector Graphic - Fill","hd":false},{"ty":"tr","p":{"a":0,"k":[0,0],"ix":2},"a":{"a":0,"k":[0,0],"ix":1},"s":{"a":0,"k":[100,100],"ix":3},"r":{"a":0,"k":0,"ix":6},"o":{"a":0,"k":100,"ix":7},"sk":{"a":0,"k":0,"ix":4},"sa":{"a":0,"k":0,"ix":5},"nm":"变换"}],"nm":"Sun","np":2,"cix":2,"bm":0,"ix":1,"mn":"ADBE Vector Group","hd":false}],"ip":0,"op":999,"st":0,"bm":0},{"ddd":0,"ind":3,"ty":4,"nm":"Mountains","parent":1,"sr":1,"ks":{"o":{"a":0,"k":100,"ix":11},"r":{"a":0,"k":0,"ix":10},"p":{"a":0,"k":[47.528,34.737,0],"ix":2},"a":{"a":0,"k":[0,0,0],"ix":1},"s":{"a":0,"k":[100,100,100],"ix":6}},"ao":0,"shapes":[{"ty":"gr","it":[{"ind":0,"ty":"sh","ix":1,"ks":{"a":0,"k":{"i":[[0,0],[0,0],[0,0]],"o":[[0,0],[0,0],[0,0]],"v":[[0.003,-12.263],[-18.148,12.267],[18.143,12.267]],"c":true},"ix":2},"nm":"路径 1","mn":"ADBE Vector Shape - Group","hd":false},{"ty":"fl","c":{"a":0,"k":[0.576080024242,0.641104996204,0.686622977257,1],"ix":4},"o":{"a":0,"k":100,"ix":5},"r":1,"bm":0,"nm":"填充 1","mn":"ADBE Vector Graphic - Fill","hd":false},{"ty":"tr","p":{"a":0,"k":[0,0],"ix":2},"a":{"a":0,"k":[0,0],"ix":1},"s":{"a":0,"k":[100,100],"ix":3},"r":{"a":0,"k":0,"ix":6},"o":{"a":0,"k":100,"ix":7},"sk":{"a":0,"k":0,"ix":4},"sa":{"a":0,"k":0,"ix":5},"nm":"变换"}],"nm":"Mountains","np":2,"cix":2,"bm":0,"ix":1,"mn":"ADBE Vector Group","hd":false}],"ip":0,"op":999,"st":0,"bm":0},{"ddd":0,"ind":4,"ty":4,"nm":"Mountains","parent":1,"sr":1,"ks":{"o":{"a":0,"k":100,"ix":11},"r":{"a":0,"k":0,"ix":10},"p":{"a":0,"k":[26.363,30.25,0],"ix":2},"a":{"a":0,"k":[0,0,0],"ix":1},"s":{"a":0,"k":[100,100,100],"ix":6}},"ao":0,"shapes":[{"ty":"gr","it":[{"ind":0,"ty":"sh","ix":1,"ks":{"a":0,"k":{"i":[[0,0],[0,0],[0,0]],"o":[[0,0],[0,0],[0,0]],"v":[[0.003,-16.75],[-20.527,16.75],[20.533,16.75]],"c":true},"ix":2},"nm":"路径 1","mn":"ADBE Vector Shape - Group","hd":false},{"ty":"fl","c":{"a":0,"k":[0.688049972057,0.727110981941,0.77147102356,1],"ix":4},"o":{"a":0,"k":100,"ix":5},"r":1,"bm":0,"nm":"填充 1","mn":"ADBE Vector Graphic - Fill","hd":false},{"ty":"tr","p":{"a":0,"k":[0,0],"ix":2},"a":{"a":0,"k":[0,0],"ix":1},"s":{"a":0,"k":[100,100],"ix":3},"r":{"a":0,"k":0,"ix":6},"o":{"a":0,"k":100,"ix":7},"sk":{"a":0,"k":0,"ix":4},"sa":{"a":0,"k":0,"ix":5},"nm":"变换"}],"nm":"Mountains","np":2,"cix":2,"bm":0,"ix":1,"mn":"ADBE Vector Group","hd":false}],"ip":0,"op":999,"st":0,"bm":0},{"ddd":0,"ind":5,"ty":4,"nm":"形状结合","parent":1,"sr":1,"ks":{"o":{"a":0,"k":100,"ix":11},"r":{"a":0,"k":0,"ix":10},"p":{"a":0,"k":[35.5,23.5,0],"ix":2},"a":{"a":0,"k":[0,0,0],"ix":1},"s":{"a":0,"k":[100,100,100],"ix":6}},"ao":0,"shapes":[{"ty":"gr","it":[{"ind":0,"ty":"sh","ix":1,"ks":{"a":0,"k":{"i":[[0,0],[0,-0.01],[0,-0.01]],"o":[[0,0.01],[0,-0.01],[0,0]],"v":[[0,14.99],[0,15.01],[0,14.99]],"c":false},"ix":2},"nm":"路径 1","mn":"ADBE Vector Shape - Group","hd":false},{"ind":1,"ty":"sh","ix":2,"ks":{"a":0,"k":{"i":[[0,0],[0,-0.01],[0.01,-0.01]],"o":[[0,0],[0,-0.01],[0,0]],"v":[[0,15],[0,15.01],[0,15]],"c":false},"ix":2},"nm":"路径 2","mn":"ADBE Vector Shape - Group","hd":false},{"ind":2,"ty":"sh","ix":3,"ks":{"a":0,"k":{"i":[[0,0],[0.01,-0.02],[0,0.01],[-0.05,0.12]],"o":[[0,0.02],[0,-0.01],[-0.1,0.26],[0,0]],"v":[[0.03,14.92],[0.01,14.98],[0.02,14.95],[0.03,14.92]],"c":false},"ix":2},"nm":"路径 3","mn":"ADBE Vector Shape - Group","hd":false},{"ind":3,"ty":"sh","ix":4,"ks":{"a":0,"k":{"i":[[0,0],[0,0],[0,0]],"o":[[0,0.01],[-0.03,0.06],[0,0]],"v":[[0.01,14.98],[0,15],[0.01,14.98]],"c":false},"ix":2},"nm":"路径 4","mn":"ADBE Vector Shape - Group","hd":false},{"ind":4,"ty":"sh","ix":5,"ks":{"a":0,"k":{"i":[[0,0],[0,0],[0,0]],"o":[[0,0],[0,0],[0,0]],"v":[[0,15],[0,15],[0,15]],"c":true},"ix":2},"nm":"路径 5","mn":"ADBE Vector Shape - Group","hd":false},{"ind":5,"ty":"sh","ix":6,"ks":{"a":0,"k":{"i":[[0,0],[0,0],[0,0]],"o":[[0,0],[0,0],[0,0]],"v":[[0,15],[0,15],[0,15]],"c":false},"ix":2},"nm":"路径 6","mn":"ADBE Vector Shape - Group","hd":false},{"ind":6,"ty":"sh","ix":7,"ks":{"a":0,"k":{"i":[[0,0],[0.03,-0.05]],"o":[[0,0.01],[0,0]],"v":[[-0.01,15.01],[-0.01,15.01]],"c":false},"ix":2},"nm":"路径 7","mn":"ADBE Vector Shape - Group","hd":false},{"ind":7,"ty":"sh","ix":8,"ks":{"a":0,"k":{"i":[[0,0],[0,0],[0,0]],"o":[[0,0],[0,0],[0,0]],"v":[[0,15],[0,15],[0,15]],"c":false},"ix":2},"nm":"路径 8","mn":"ADBE Vector Shape - Group","hd":false},{"ty":"rc","d":1,"s":{"a":0,"k":[71,47],"ix":2},"p":{"a":0,"k":[0,0],"ix":3},"r":{"a":0,"k":1,"ix":4},"nm":"矩形路径 1","mn":"ADBE Vector Shape - Rect","hd":false},{"ty":"mm","mm":2,"nm":"合并路径 1","mn":"ADBE Vector Filter - Merge","hd":false},{"ty":"fl","c":{"a":0,"k":[0.772041976452,0.811527013779,0.840906977654,1],"ix":4},"o":{"a":0,"k":100,"ix":5},"r":1,"bm":0,"nm":"填充 1","mn":"ADBE Vector Graphic - Fill","hd":false},{"ty":"tr","p":{"a":0,"k":[0,0],"ix":2},"a":{"a":0,"k":[0,0],"ix":1},"s":{"a":0,"k":[100,100],"ix":3},"r":{"a":0,"k":0,"ix":6},"o":{"a":0,"k":100,"ix":7},"sk":{"a":0,"k":0,"ix":4},"sa":{"a":0,"k":0,"ix":5},"nm":"变换"}],"nm":"形状结合","np":11,"cix":2,"bm":0,"ix":1,"mn":"ADBE Vector Group","hd":false}],"ip":0,"op":999,"st":0,"bm":0},{"ddd":0,"ind":6,"ty":3,"nm":"▽ 编组","sr":1,"ks":{"o":{"a":0,"k":100,"ix":11},"r":{"a":0,"k":0,"ix":10},"p":{"a":1,"k":[{"i":{"x":0.667,"y":1},"o":{"x":0.333,"y":0},"t":394,"s":[74.5,58.5,0],"to":[0,4,0],"ti":[0,0,0]},{"i":{"x":0.667,"y":1},"o":{"x":0.333,"y":0},"t":577,"s":[74.5,82.5,0],"to":[0,0,0],"ti":[0,4,0]},{"t":778,"s":[74.5,58.5,0]}],"ix":2},"a":{"a":0,"k":[24,16,0],"ix":1},"s":{"a":0,"k":[100,100,100],"ix":6}},"ao":0,"ip":0,"op":999,"st":0,"bm":0},{"ddd":0,"ind":7,"ty":4,"nm":"Sun","parent":6,"sr":1,"ks":{"o":{"a":0,"k":100,"ix":11},"r":{"a":0,"k":0,"ix":10},"p":{"a":0,"k":[37,10.5,0],"ix":2},"a":{"a":0,"k":[0,0,0],"ix":1},"s":{"a":0,"k":[100,100,100],"ix":6}},"ao":0,"shapes":[{"ty":"gr","it":[{"d":1,"ty":"el","s":{"a":0,"k":[9,9],"ix":2},"p":{"a":0,"k":[0,0],"ix":3},"nm":"椭圆路径 1","mn":"ADBE Vector Shape - Ellipse","hd":false},{"ty":"fl","c":{"a":0,"k":[1,1,1,1],"ix":4},"o":{"a":0,"k":100,"ix":5},"r":1,"bm":0,"nm":"填充 1","mn":"ADBE Vector Graphic - Fill","hd":false},{"ty":"tr","p":{"a":0,"k":[0,0],"ix":2},"a":{"a":0,"k":[0,0],"ix":1},"s":{"a":0,"k":[100,100],"ix":3},"r":{"a":0,"k":0,"ix":6},"o":{"a":0,"k":100,"ix":7},"sk":{"a":0,"k":0,"ix":4},"sa":{"a":0,"k":0,"ix":5},"nm":"变换"}],"nm":"Sun","np":2,"cix":2,"bm":0,"ix":1,"mn":"ADBE Vector Group","hd":false}],"ip":0,"op":999,"st":0,"bm":0},{"ddd":0,"ind":8,"ty":4,"nm":"Mountains","parent":6,"sr":1,"ks":{"o":{"a":0,"k":100,"ix":11},"r":{"a":0,"k":0,"ix":10},"p":{"a":0,"k":[31.75,23.25,0],"ix":2},"a":{"a":0,"k":[0,0,0],"ix":1},"s":{"a":0,"k":[100,100,100],"ix":6}},"ao":0,"shapes":[{"ty":"gr","it":[{"ind":0,"ty":"sh","ix":1,"ks":{"a":0,"k":{"i":[[0,0],[0,0],[0,0]],"o":[[0,0],[0,0],[0,0]],"v":[[0,-8.25],[-12.25,8.25],[12.25,8.25]],"c":true},"ix":2},"nm":"路径 1","mn":"ADBE Vector Shape - Group","hd":false},{"ty":"fl","c":{"a":0,"k":[0.576470971107,0.639216005802,0.686275005341,1],"ix":4},"o":{"a":0,"k":100,"ix":5},"r":1,"bm":0,"nm":"填充 1","mn":"ADBE Vector Graphic - Fill","hd":false},{"ty":"tr","p":{"a":0,"k":[0,0],"ix":2},"a":{"a":0,"k":[0,0],"ix":1},"s":{"a":0,"k":[100,100],"ix":3},"r":{"a":0,"k":0,"ix":6},"o":{"a":0,"k":100,"ix":7},"sk":{"a":0,"k":0,"ix":4},"sa":{"a":0,"k":0,"ix":5},"nm":"变换"}],"nm":"Mountains","np":2,"cix":2,"bm":0,"ix":1,"mn":"ADBE Vector Group","hd":false}],"ip":0,"op":999,"st":0,"bm":0},{"ddd":0,"ind":9,"ty":4,"nm":"Mountains","parent":6,"sr":1,"ks":{"o":{"a":0,"k":100,"ix":11},"r":{"a":0,"k":0,"ix":10},"p":{"a":0,"k":[18,20.25,0],"ix":2},"a":{"a":0,"k":[0,0,0],"ix":1},"s":{"a":0,"k":[100,100,100],"ix":6}},"ao":0,"shapes":[{"ty":"gr","it":[{"ind":0,"ty":"sh","ix":1,"ks":{"a":0,"k":{"i":[[0,0],[0,0],[0,0]],"o":[[0,0],[0,0],[0,0]],"v":[[0,-11.25],[-14,11.25],[14,11.25]],"c":true},"ix":2},"nm":"路径 1","mn":"ADBE Vector Shape - Group","hd":false},{"ty":"fl","c":{"a":0,"k":[0.688049972057,0.727110981941,0.77147102356,1],"ix":4},"o":{"a":0,"k":100,"ix":5},"r":1,"bm":0,"nm":"填充 1","mn":"ADBE Vector Graphic - Fill","hd":false},{"ty":"tr","p":{"a":0,"k":[0,0],"ix":2},"a":{"a":0,"k":[0,0],"ix":1},"s":{"a":0,"k":[100,100],"ix":3},"r":{"a":0,"k":0,"ix":6},"o":{"a":0,"k":100,"ix":7},"sk":{"a":0,"k":0,"ix":4},"sa":{"a":0,"k":0,"ix":5},"nm":"变换"}],"nm":"Mountains","np":2,"cix":2,"bm":0,"ix":1,"mn":"ADBE Vector Group","hd":false}],"ip":0,"op":999,"st":0,"bm":0},{"ddd":0,"ind":10,"ty":4,"nm":"形状结合","parent":6,"sr":1,"ks":{"o":{"a":0,"k":100,"ix":11},"r":{"a":0,"k":0,"ix":10},"p":{"a":0,"k":[23.75,15.75,0],"ix":2},"a":{"a":0,"k":[0,0,0],"ix":1},"s":{"a":0,"k":[100,100,100],"ix":6}},"ao":0,"shapes":[{"ty":"gr","it":[{"ty":"gr","it":[{"ind":0,"ty":"sh","ix":1,"ks":{"a":0,"k":{"i":[[0,0],[0,-0.01],[0,-0.01]],"o":[[0,0.01],[0,-0.01],[0,0]],"v":[[-0.474,-0.426],[-0.474,-0.406],[-0.474,-0.426]],"c":false},"ix":2},"nm":"路径 1","mn":"ADBE Vector Shape - Group","hd":false},{"ind":1,"ty":"sh","ix":2,"ks":{"a":0,"k":{"i":[[0,0],[0,-0.01],[0.01,-0.01]],"o":[[0,0],[0,-0.01],[0,0]],"v":[[-0.474,-0.416],[-0.474,-0.406],[-0.474,-0.416]],"c":false},"ix":2},"nm":"路径 2","mn":"ADBE Vector Shape - Group","hd":false},{"ind":2,"ty":"sh","ix":3,"ks":{"a":0,"k":{"i":[[0,0],[0.01,-0.02],[0,0.01],[-0.05,0.12]],"o":[[0,0.02],[0,-0.01],[-0.1,0.26],[0,0]],"v":[[-0.444,-0.496],[-0.464,-0.436],[-0.454,-0.466],[-0.444,-0.496]],"c":false},"ix":2},"nm":"路径 3","mn":"ADBE Vector Shape - Group","hd":false},{"ind":3,"ty":"sh","ix":4,"ks":{"a":0,"k":{"i":[[0,0],[0,0],[0,0]],"o":[[0,0.01],[-0.03,0.06],[0,0]],"v":[[-0.464,-0.436],[-0.474,-0.416],[-0.464,-0.436]],"c":false},"ix":2},"nm":"路径 4","mn":"ADBE Vector Shape - Group","hd":false},{"ind":4,"ty":"sh","ix":5,"ks":{"a":0,"k":{"i":[[0,0],[0,0],[0,0]],"o":[[0,0],[0,0],[0,0]],"v":[[-0.474,-0.416],[-0.474,-0.416],[-0.474,-0.416]],"c":true},"ix":2},"nm":"路径 5","mn":"ADBE Vector Shape - Group","hd":false},{"ind":5,"ty":"sh","ix":6,"ks":{"a":0,"k":{"i":[[0,0],[0,0],[0,0]],"o":[[0,0],[0,0],[0,0]],"v":[[-0.474,-0.416],[-0.474,-0.416],[-0.474,-0.416]],"c":false},"ix":2},"nm":"路径 6","mn":"ADBE Vector Shape - Group","hd":false},{"ind":6,"ty":"sh","ix":7,"ks":{"a":0,"k":{"i":[[0,0],[0.03,-0.05]],"o":[[0,0.01],[0,0]],"v":[[-0.484,-0.406],[-0.484,-0.406]],"c":false},"ix":2},"nm":"路径 7","mn":"ADBE Vector Shape - Group","hd":false},{"ind":7,"ty":"sh","ix":8,"ks":{"a":0,"k":{"i":[[0,0],[0,0],[0,0]],"o":[[0,0],[0,0],[0,0]],"v":[[-0.474,-0.416],[-0.474,-0.416],[-0.474,-0.416]],"c":false},"ix":2},"nm":"路径 8","mn":"ADBE Vector Shape - Group","hd":false},{"ty":"mm","mm":2,"nm":"合并路径 1","mn":"ADBE Vector Filter - Merge","hd":false},{"ty":"tr","p":{"a":0,"k":[0.724,10.666],"ix":2},"a":{"a":0,"k":[0,0],"ix":1},"s":{"a":0,"k":[100,100],"ix":3},"r":{"a":0,"k":0,"ix":6},"o":{"a":0,"k":100,"ix":7},"sk":{"a":0,"k":0,"ix":4},"sa":{"a":0,"k":0,"ix":5},"nm":"变换"}],"nm":"形状结合","np":9,"cix":2,"bm":0,"ix":1,"mn":"ADBE Vector Group","hd":false},{"ty":"rc","d":1,"s":{"a":0,"k":[47.5,31.5],"ix":2},"p":{"a":0,"k":[0,0],"ix":3},"r":{"a":0,"k":1,"ix":4},"nm":"矩形路径 1","mn":"ADBE Vector Shape - Rect","hd":false},{"ty":"mm","mm":2,"nm":"合并路径 1","mn":"ADBE Vector Filter - Merge","hd":false},{"ty":"fl","c":{"a":0,"k":[0.772041976452,0.811527013779,0.840906977654,1],"ix":4},"o":{"a":0,"k":100,"ix":5},"r":1,"bm":0,"nm":"填充 1","mn":"ADBE Vector Graphic - Fill","hd":false},{"ty":"tr","p":{"a":0,"k":[0,0],"ix":2},"a":{"a":0,"k":[0,0],"ix":1},"s":{"a":0,"k":[100,100],"ix":3},"r":{"a":0,"k":0,"ix":6},"o":{"a":0,"k":100,"ix":7},"sk":{"a":0,"k":0,"ix":4},"sa":{"a":0,"k":0,"ix":5},"nm":"变换"}],"nm":"形状结合","np":4,"cix":2,"bm":0,"ix":1,"mn":"ADBE Vector Group","hd":false}],"ip":0,"op":999,"st":0,"bm":0},{"ddd":0,"ind":11,"ty":4,"nm":"形状结合","sr":1,"ks":{"o":{"a":0,"k":100,"ix":11},"r":{"a":0,"k":0,"ix":10},"p":{"a":0,"k":[253.5,57,0],"ix":2},"a":{"a":0,"k":[0,0,0],"ix":1},"s":{"a":0,"k":[100,100,100],"ix":6}},"ao":0,"shapes":[{"ty":"gr","it":[{"ind":0,"ty":"sh","ix":1,"ks":{"a":0,"k":{"i":[[0,0],[1.16,0],[0,2.22],[-2.24,0],[0,0],[0,-6.32],[-6.37,0],[-2.06,2.23]],"o":[[-0.74,0.78],[-2.24,0],[0,-2.22],[0,0],[-6.37,0],[0,6.32],[3.34,0],[0,0]],"v":[[3.03,2.75],[0.08,4.03],[-3.98,0],[0.08,-4.02],[0.08,-11.5],[-11.5,0],[0.08,11.5],[8.5,7.86]],"c":true},"ix":2},"nm":"路径 1","mn":"ADBE Vector Shape - Group","hd":false},{"ind":1,"ty":"sh","ix":2,"ks":{"a":0,"k":{"i":[[0,0],[0.93,-0.74],[0,0],[0,3.66]],"o":[[0,1.28],[0,0],[2.67,-2.1],[0,0]],"v":[[4.04,0],[2.5,3.15],[7.1,9],[11.5,0]],"c":true},"ix":2},"nm":"路径 2","mn":"ADBE Vector Shape - Group","hd":false},{"ty":"mm","mm":2,"nm":"合并路径 1","mn":"ADBE Vector Filter - Merge","hd":false},{"ty":"fl","c":{"a":0,"k":[0.866666972637,0.890196025372,0.913725018501,1],"ix":4},"o":{"a":0,"k":100,"ix":5},"r":1,"bm":0,"nm":"填充 1","mn":"ADBE Vector Graphic - Fill","hd":false},{"ty":"tr","p":{"a":0,"k":[0,0],"ix":2},"a":{"a":0,"k":[0,0],"ix":1},"s":{"a":0,"k":[100,100],"ix":3},"r":{"a":0,"k":0,"ix":6},"o":{"a":0,"k":100,"ix":7},"sk":{"a":0,"k":0,"ix":4},"sa":{"a":0,"k":0,"ix":5},"nm":"变换"}],"nm":"形状结合","np":4,"cix":2,"bm":0,"ix":1,"mn":"ADBE Vector Group","hd":false}],"ip":0,"op":999,"st":0,"bm":0},{"ddd":0,"ind":12,"ty":4,"nm":"Value","sr":1,"ks":{"o":{"a":0,"k":100,"ix":11},"r":{"a":0,"k":0,"ix":10},"p":{"a":0,"k":[346,194,0],"ix":2},"a":{"a":0,"k":[0,0,0],"ix":1},"s":{"a":0,"k":[100,100,100],"ix":6}},"ao":0,"shapes":[{"ty":"gr","it":[{"ind":0,"ty":"sh","ix":1,"ks":{"a":0,"k":{"i":[[0,0],[1.51,0],[0,2.9],[-2.91,0],[0,0],[0,-8.25],[-8.28,0],[-2.68,2.92]],"o":[[-0.96,1.02],[-2.91,0],[0,-2.9],[0,0],[-8.28,0],[0,8.25],[4.34,0],[0,0]],"v":[[5.88,3.59],[2.05,5.25],[-3.22,0],[2.05,-5.25],[2.05,-15],[-13,0],[2.05,15],[13,10.25]],"c":true},"ix":2},"nm":"路径 1","mn":"ADBE Vector Shape - Group","hd":false},{"ty":"fl","c":{"a":0,"k":[0.950707018375,0.950707018375,0.950707018375,1],"ix":4},"o":{"a":0,"k":100,"ix":5},"r":1,"bm":0,"nm":"填充 1","mn":"ADBE Vector Graphic - Fill","hd":false},{"ty":"tr","p":{"a":0,"k":[0,0],"ix":2},"a":{"a":0,"k":[0,0],"ix":1},"s":{"a":0,"k":[100,100],"ix":3},"r":{"a":0,"k":0,"ix":6},"o":{"a":0,"k":100,"ix":7},"sk":{"a":0,"k":0,"ix":4},"sa":{"a":0,"k":0,"ix":5},"nm":"变换"}],"nm":"Value","np":2,"cix":2,"bm":0,"ix":1,"mn":"ADBE Vector Group","hd":false}],"ip":0,"op":999,"st":0,"bm":0},{"ddd":0,"ind":13,"ty":3,"nm":"▽ Pie Chart","sr":1,"ks":{"o":{"a":0,"k":100,"ix":11},"r":{"a":0,"k":0,"ix":10},"p":{"a":0,"k":[36.5,193,0],"ix":2},"a":{"a":0,"k":[10,10,0],"ix":1},"s":{"a":0,"k":[-100,100,100],"ix":6}},"ao":0,"ip":0,"op":999,"st":0,"bm":0},{"ddd":0,"ind":14,"ty":4,"nm":"Value","parent":13,"sr":1,"ks":{"o":{"a":0,"k":100,"ix":11},"r":{"a":0,"k":0,"ix":10},"p":{"a":0,"k":[10,5,0],"ix":2},"a":{"a":0,"k":[0,0,0],"ix":1},"s":{"a":0,"k":[100,100,100],"ix":6}},"ao":0,"shapes":[{"ty":"gr","it":[{"ind":0,"ty":"sh","ix":1,"ks":{"a":0,"k":{"i":[[0,0],[-5.5,0],[0,0]],"o":[[0,-5.5],[0,0],[0,0]],"v":[[-10,5],[0,-5],[0,5]],"c":true},"ix":2},"nm":"路径 1","mn":"ADBE Vector Shape - Group","hd":false},{"ind":1,"ty":"sh","ix":2,"ks":{"a":0,"k":{"i":[[2.11,0.89],[0,0],[0,0]],"o":[[0,0],[0,0],[-0.89,-2.33]],"v":[[5,-5],[1,4],[10,0]],"c":true},"ix":2},"nm":"路径 2","mn":"ADBE Vector Shape - Group","hd":false},{"ty":"mm","mm":1,"nm":"合并路径 1","mn":"ADBE Vector Filter - Merge","hd":false},{"ty":"fl","c":{"a":0,"k":[0.772041976452,0.811527013779,0.840906977654,1],"ix":4},"o":{"a":0,"k":100,"ix":5},"r":1,"bm":0,"nm":"填充 1","mn":"ADBE Vector Graphic - Fill","hd":false},{"ty":"tr","p":{"a":0,"k":[0,0],"ix":2},"a":{"a":0,"k":[0,0],"ix":1},"s":{"a":0,"k":[100,100],"ix":3},"r":{"a":0,"k":0,"ix":6},"o":{"a":0,"k":100,"ix":7},"sk":{"a":0,"k":0,"ix":4},"sa":{"a":0,"k":0,"ix":5},"nm":"变换"}],"nm":"Value","np":4,"cix":2,"bm":0,"ix":1,"mn":"ADBE Vector Group","hd":false}],"ip":0,"op":999,"st":0,"bm":0},{"ddd":0,"ind":15,"ty":4,"nm":"Value","parent":13,"sr":1,"ks":{"o":{"a":0,"k":100,"ix":11},"r":{"a":0,"k":0,"ix":10},"p":{"a":0,"k":[8.666,15,0],"ix":2},"a":{"a":0,"k":[0,0,0],"ix":1},"s":{"a":0,"k":[100,100,100],"ix":6}},"ao":0,"shapes":[{"ty":"gr","it":[{"ind":0,"ty":"sh","ix":1,"ks":{"a":0,"k":{"i":[[0,0],[0,0],[-1.69,-1.77],[-2.86,0],[-1.85,1.67]],"o":[[0,0],[0,2.61],[1.85,1.95],[2.63,0],[0,0]],"v":[[1.6,-5],[-8.5,-5],[-5.75,1.83],[1.6,5],[8.5,2.28]],"c":true},"ix":2},"nm":"路径 1","mn":"ADBE Vector Shape - Group","hd":false},{"ty":"fl","c":{"a":0,"k":[0.688049972057,0.727110981941,0.77147102356,1],"ix":4},"o":{"a":0,"k":100,"ix":5},"r":1,"bm":0,"nm":"填充 1","mn":"ADBE Vector Graphic - Fill","hd":false},{"ty":"tr","p":{"a":0,"k":[0,0],"ix":2},"a":{"a":0,"k":[0,0],"ix":1},"s":{"a":0,"k":[100,100],"ix":3},"r":{"a":0,"k":0,"ix":6},"o":{"a":0,"k":100,"ix":7},"sk":{"a":0,"k":0,"ix":4},"sa":{"a":0,"k":0,"ix":5},"nm":"变换"}],"nm":"Value","np":2,"cix":2,"bm":0,"ix":1,"mn":"ADBE Vector Group","hd":false}],"ip":0,"op":999,"st":0,"bm":0},{"ddd":0,"ind":16,"ty":4,"nm":"Value","parent":13,"sr":1,"ks":{"o":{"a":0,"k":100,"ix":11},"r":{"a":0,"k":0,"ix":10},"p":{"a":0,"k":[15,8.75,0],"ix":2},"a":{"a":0,"k":[0,0,0],"ix":1},"s":{"a":0,"k":[100,100,100],"ix":6}},"ao":0,"shapes":[{"ty":"gr","it":[{"ind":0,"ty":"sh","ix":1,"ks":{"a":0,"k":{"i":[[0,2.92],[5.5,0],[0,0],[0,0]],"o":[[0,-5.57],[0,0],[0,0],[1.95,-1.8]],"v":[[5,1.38],[-5,-8.75],[-5,1.38],[1.83,8.75]],"c":true},"ix":2},"nm":"路径 1","mn":"ADBE Vector Shape - Group","hd":false},{"ty":"fl","c":{"a":0,"k":[0.950707018375,0.950707018375,0.950707018375,1],"ix":4},"o":{"a":0,"k":100,"ix":5},"r":1,"bm":0,"nm":"填充 1","mn":"ADBE Vector Graphic - Fill","hd":false},{"ty":"tr","p":{"a":0,"k":[0,0],"ix":2},"a":{"a":0,"k":[0,0],"ix":1},"s":{"a":0,"k":[100,100],"ix":3},"r":{"a":0,"k":0,"ix":6},"o":{"a":0,"k":100,"ix":7},"sk":{"a":0,"k":0,"ix":4},"sa":{"a":0,"k":0,"ix":5},"nm":"变换"}],"nm":"Value","np":2,"cix":2,"bm":0,"ix":1,"mn":"ADBE Vector Group","hd":false}],"ip":0,"op":999,"st":0,"bm":0},{"ddd":0,"ind":17,"ty":4,"nm":"形状结合","sr":1,"ks":{"o":{"a":0,"k":100,"ix":11},"r":{"a":0,"k":0,"ix":10},"p":{"a":0,"k":[288,54.25,0],"ix":2},"a":{"a":0,"k":[0,0,0],"ix":1},"s":{"a":0,"k":[100,100,100],"ix":6}},"ao":0,"shapes":[{"ty":"gr","it":[{"ty":"rc","d":1,"s":{"a":0,"k":[3,12.5],"ix":2},"p":{"a":0,"k":[-14,8],"ix":3},"r":{"a":0,"k":0.875,"ix":4},"nm":"矩形路径 1","mn":"ADBE Vector Shape - Rect","hd":false},{"ty":"rc","d":1,"s":{"a":0,"k":[3,20.5],"ix":2},"p":{"a":0,"k":[-7,4],"ix":3},"r":{"a":0,"k":0.875,"ix":4},"nm":"矩形路径 2","mn":"ADBE Vector Shape - Rect","hd":false},{"ty":"rc","d":1,"s":{"a":0,"k":[3,24.5],"ix":2},"p":{"a":0,"k":[0,2],"ix":3},"r":{"a":0,"k":0.875,"ix":4},"nm":"矩形路径 3","mn":"ADBE Vector Shape - Rect","hd":false},{"ty":"rc","d":1,"s":{"a":0,"k":[3,20.5],"ix":2},"p":{"a":0,"k":[7,4],"ix":3},"r":{"a":0,"k":0.875,"ix":4},"nm":"矩形路径 4","mn":"ADBE Vector Shape - Rect","hd":false},{"ty":"rc","d":1,"s":{"a":0,"k":[3,28.5],"ix":2},"p":{"a":0,"k":[14,0],"ix":3},"r":{"a":0,"k":0.875,"ix":4},"nm":"矩形路径 5","mn":"ADBE Vector Shape - Rect","hd":false},{"ty":"mm","mm":2,"nm":"合并路径 1","mn":"ADBE Vector Filter - Merge","hd":false},{"ty":"fl","c":{"a":0,"k":[0.866469025612,0.891529977322,0.911857008934,1],"ix":4},"o":{"a":0,"k":100,"ix":5},"r":1,"bm":0,"nm":"填充 1","mn":"ADBE Vector Graphic - Fill","hd":false},{"ty":"tr","p":{"a":0,"k":[0,0],"ix":2},"a":{"a":0,"k":[0,0],"ix":1},"s":{"a":0,"k":[100,100],"ix":3},"r":{"a":0,"k":0,"ix":6},"o":{"a":0,"k":100,"ix":7},"sk":{"a":0,"k":0,"ix":4},"sa":{"a":0,"k":0,"ix":5},"nm":"变换"}],"nm":"形状结合","np":7,"cix":2,"bm":0,"ix":1,"mn":"ADBE Vector Group","hd":false}],"ip":0,"op":999,"st":0,"bm":0},{"ddd":0,"ind":18,"ty":4,"nm":"形状结合","sr":1,"ks":{"o":{"a":0,"k":100,"ix":11},"r":{"a":0,"k":0,"ix":10},"p":{"a":0,"k":[79,250,0],"ix":2},"a":{"a":0,"k":[0,0,0],"ix":1},"s":{"a":0,"k":[100,100,100],"ix":6}},"ao":0,"shapes":[{"ty":"gr","it":[{"ind":0,"ty":"sh","ix":1,"ks":{"a":0,"k":{"i":[[8.63,14.61],[-6.53,-17.12],[0.31,2.01],[2.16,10.58],[1.19,5.36],[0.66,2.88],[0.2,1.23],[-4.48,-21.32],[-0.41,-2.79],[-0.15,0.64],[-3.23,7.11],[-2.09,3.1],[-1.19,1.98],[3.76,-12.97],[0.9,-3.17],[-12.22,4.05],[5.98,-17.5],[0.02,-0.2],[-3.01,2.11],[-6.24,-3.88],[4.12,-3.16],[2.19,-2.96],[0.75,-0.88],[2.44,-6.77],[-0.11,1.45],[-0.01,0.15],[0.34,-1.44],[-0.29,2.9],[-0.08,1.25],[0.16,2.38],[0.54,1.81],[3.51,5.85],[4.44,4.37],[2.47,2.28],[1.38,1.06],[-7.33,-8.91],[0.99,3.19]],"o":[[9.33,15.66],[-0.26,-2.02],[-1.66,-10.67],[-1.1,-5.39],[-0.65,-2.89],[-0.16,-0.7],[6.34,20.82],[0.58,2.8],[0.14,-0.64],[1.81,-7.6],[1.55,-3.4],[1.31,-1.93],[-6.5,11.93],[-0.91,3.16],[5.66,-11.36],[-14.79,9.77],[-0.02,0.21],[1.76,-3.34],[6.42,-4.53],[-4.89,-3.11],[-2.94,2.26],[-0.52,0.71],[-1.06,6.88],[0.4,-1.94],[0.01,-0.16],[-0.37,1.48],[0.68,-2.75],[0.07,-1.25],[-0.03,-2.36],[-0.59,-2.32],[-1.95,-6.55],[-3.21,-5.35],[-2.39,-2.36],[-0.89,-0.82],[10.04,5.54],[-0.86,-3.29],[-5,-16.16]],"v":[[-29.03,-51.63],[-2.3,-3.69],[-3.15,-9.74],[-9.03,-41.58],[-12.49,-57.7],[-14.43,-66.35],[-14.92,-69.5],[2.02,-6.53],[3.51,1.85],[3.94,-0.06],[11.7,-22.31],[17.11,-32.14],[22.68,-38.34],[10.07,1.49],[7.33,10.98],[34,-13.76],[4.36,30.63],[4.3,31.25],[11.28,22.78],[31.07,23.45],[13.21,26.34],[5.56,34.6],[3.57,37.02],[-1.66,57.5],[-1.44,51],[-1.41,50.53],[-2.48,54.92],[-1.13,46.39],[-0.9,42.64],[-1.19,35.52],[-2.97,29.21],[-11.29,10.53],[-22.78,-4.03],[-30.14,-10.92],[-34,-14.82],[-6.3,5.62],[-9.08,-4.11]],"c":true},"ix":2},"nm":"路径 1","mn":"ADBE Vector Shape - Group","hd":false},{"ind":1,"ty":"sh","ix":2,"ks":{"a":0,"k":{"i":[[0,0],[-19.08,0],[0,17.95]],"o":[[0,17.95],[19.08,0],[0,0]],"v":[[-19,37],[1.5,69.5],[22,37]],"c":false},"ix":2},"nm":"路径 2","mn":"ADBE Vector Shape - Group","hd":false},{"ty":"mm","mm":2,"nm":"合并路径 1","mn":"ADBE Vector Filter - Merge","hd":false},{"ty":"fl","c":{"a":0,"k":[0.666951856426,0.747307691387,0.812484681373,1],"ix":4},"o":{"a":0,"k":100,"ix":5},"r":1,"bm":0,"nm":"填充 1","mn":"ADBE Vector Graphic - Fill","hd":false},{"ty":"tr","p":{"a":0,"k":[0,0],"ix":2},"a":{"a":0,"k":[0,0],"ix":1},"s":{"a":0,"k":[100,100],"ix":3},"r":{"a":0,"k":0,"ix":6},"o":{"a":0,"k":100,"ix":7},"sk":{"a":0,"k":0,"ix":4},"sa":{"a":0,"k":0,"ix":5},"nm":"变换"}],"nm":"形状结合","np":4,"cix":2,"bm":0,"ix":1,"mn":"ADBE Vector Group","hd":false}],"ip":0,"op":999,"st":0,"bm":0},{"ddd":0,"ind":19,"ty":3,"nm":"▽ 编组 2","sr":1,"ks":{"o":{"a":0,"k":100,"ix":11},"r":{"a":0,"k":0,"ix":10},"p":{"a":1,"k":[{"i":{"x":0.667,"y":1},"o":{"x":0.333,"y":0},"t":0,"s":[214.5,147,0],"to":[1.833,0,0],"ti":[0,0,0]},{"i":{"x":0.667,"y":1},"o":{"x":0.333,"y":0},"t":170,"s":[225.5,147,0],"to":[0,0,0],"ti":[1.833,0,0]},{"t":344,"s":[214.5,147,0]}],"ix":2},"a":{"a":0,"k":[84,86.5,0],"ix":1},"s":{"a":0,"k":[100,100,100],"ix":6}},"ao":0,"ip":0,"op":999,"st":0,"bm":0},{"ddd":0,"ind":20,"ty":4,"nm":"形状结合","parent":19,"sr":1,"ks":{"o":{"a":0,"k":100,"ix":11},"r":{"a":0,"k":0,"ix":10},"p":{"a":0,"k":[119.739,110.1,0],"ix":2},"a":{"a":0,"k":[0,0,0],"ix":1},"s":{"a":0,"k":[100,100,100],"ix":6}},"ao":0,"shapes":[{"ty":"gr","it":[{"ty":"rc","d":1,"s":{"a":0,"k":[83.5,3.525],"ix":2},"p":{"a":0,"k":[-7.989,-62.287],"ix":3},"r":{"a":0,"k":0.75,"ix":4},"nm":"矩形路径 1","mn":"ADBE Vector Shape - Rect","hd":false},{"ty":"rc","d":1,"s":{"a":0,"k":[56.048,3.525],"ix":2},"p":{"a":0,"k":[-21.715,-56.412],"ix":3},"r":{"a":0,"k":0.75,"ix":4},"nm":"矩形路径 2","mn":"ADBE Vector Shape - Rect","hd":false},{"d":1,"ty":"el","s":{"a":0,"k":[7,7],"ix":2},"p":{"a":0,"k":[46.239,-59.35],"ix":3},"nm":"椭圆路径 1","mn":"ADBE Vector Shape - Ellipse","hd":false},{"d":1,"ty":"el","s":{"a":0,"k":[3,3],"ix":2},"p":{"a":0,"k":[46.239,-59.35],"ix":3},"nm":"椭圆路径 2","mn":"ADBE Vector Shape - Ellipse","hd":false},{"ty":"rc","d":1,"s":{"a":0,"k":[83.5,2.925],"ix":2},"p":{"a":0,"k":[-7.989,-36.287],"ix":3},"r":{"a":0,"k":0.75,"ix":4},"nm":"矩形路径 3","mn":"ADBE Vector Shape - Rect","hd":false},{"ty":"rc","d":1,"s":{"a":0,"k":[56.048,2.925],"ix":2},"p":{"a":0,"k":[-21.715,-31.413],"ix":3},"r":{"a":0,"k":0.75,"ix":4},"nm":"矩形路径 4","mn":"ADBE Vector Shape - Rect","hd":false},{"d":1,"ty":"el","s":{"a":0,"k":[7,7],"ix":2},"p":{"a":0,"k":[46.239,-33.85],"ix":3},"nm":"椭圆路径 3","mn":"ADBE Vector Shape - Ellipse","hd":false},{"d":1,"ty":"el","s":{"a":0,"k":[3,3],"ix":2},"p":{"a":0,"k":[46.239,-33.85],"ix":3},"nm":"椭圆路径 4","mn":"ADBE Vector Shape - Ellipse","hd":false},{"ty":"rc","d":1,"s":{"a":0,"k":[83.5,2.925],"ix":2},"p":{"a":0,"k":[-7.989,-12.788],"ix":3},"r":{"a":0,"k":0.75,"ix":4},"nm":"矩形路径 5","mn":"ADBE Vector Shape - Rect","hd":false},{"ty":"rc","d":1,"s":{"a":0,"k":[56.048,2.925],"ix":2},"p":{"a":0,"k":[-21.715,-7.912],"ix":3},"r":{"a":0,"k":0.75,"ix":4},"nm":"矩形路径 6","mn":"ADBE Vector Shape - Rect","hd":false},{"d":1,"ty":"el","s":{"a":0,"k":[7,7],"ix":2},"p":{"a":0,"k":[46.239,-10.35],"ix":3},"nm":"椭圆路径 5","mn":"ADBE Vector Shape - Ellipse","hd":false},{"d":1,"ty":"el","s":{"a":0,"k":[3,3],"ix":2},"p":{"a":0,"k":[46.239,-10.35],"ix":3},"nm":"椭圆路径 6","mn":"ADBE Vector Shape - Ellipse","hd":false},{"ty":"rc","d":1,"s":{"a":0,"k":[83.5,2.925],"ix":2},"p":{"a":0,"k":[-7.989,57.713],"ix":3},"r":{"a":0,"k":0.75,"ix":4},"nm":"矩形路径 7","mn":"ADBE Vector Shape - Rect","hd":false},{"ty":"rc","d":1,"s":{"a":0,"k":[56.048,2.925],"ix":2},"p":{"a":0,"k":[-21.715,62.588],"ix":3},"r":{"a":0,"k":0.75,"ix":4},"nm":"矩形路径 8","mn":"ADBE Vector Shape - Rect","hd":false},{"d":1,"ty":"el","s":{"a":0,"k":[7,7],"ix":2},"p":{"a":0,"k":[46.239,60.15],"ix":3},"nm":"椭圆路径 7","mn":"ADBE Vector Shape - Ellipse","hd":false},{"d":1,"ty":"el","s":{"a":0,"k":[3,3],"ix":2},"p":{"a":0,"k":[46.239,60.15],"ix":3},"nm":"椭圆路径 8","mn":"ADBE Vector Shape - Ellipse","hd":false},{"ty":"rc","d":1,"s":{"a":0,"k":[83.5,2.925],"ix":2},"p":{"a":0,"k":[-7.989,34.213],"ix":3},"r":{"a":0,"k":0.75,"ix":4},"nm":"矩形路径 9","mn":"ADBE Vector Shape - Rect","hd":false},{"ty":"rc","d":1,"s":{"a":0,"k":[56.048,2.925],"ix":2},"p":{"a":0,"k":[-21.715,39.088],"ix":3},"r":{"a":0,"k":0.75,"ix":4},"nm":"矩形路径 10","mn":"ADBE Vector Shape - Rect","hd":false},{"d":1,"ty":"el","s":{"a":0,"k":[7,7],"ix":2},"p":{"a":0,"k":[46.239,36.65],"ix":3},"nm":"椭圆路径 9","mn":"ADBE Vector Shape - Ellipse","hd":false},{"d":1,"ty":"el","s":{"a":0,"k":[3,3],"ix":2},"p":{"a":0,"k":[46.239,36.65],"ix":3},"nm":"椭圆路径 10","mn":"ADBE Vector Shape - Ellipse","hd":false},{"ty":"rc","d":1,"s":{"a":0,"k":[83.5,2.925],"ix":2},"p":{"a":0,"k":[-7.989,10.712],"ix":3},"r":{"a":0,"k":0.75,"ix":4},"nm":"矩形路径 11","mn":"ADBE Vector Shape - Rect","hd":false},{"ty":"rc","d":1,"s":{"a":0,"k":[56.048,2.925],"ix":2},"p":{"a":0,"k":[-21.715,15.587],"ix":3},"r":{"a":0,"k":0.75,"ix":4},"nm":"矩形路径 12","mn":"ADBE Vector Shape - Rect","hd":false},{"d":1,"ty":"el","s":{"a":0,"k":[7,7],"ix":2},"p":{"a":0,"k":[46.239,13.15],"ix":3},"nm":"椭圆路径 11","mn":"ADBE Vector Shape - Ellipse","hd":false},{"d":1,"ty":"el","s":{"a":0,"k":[3,3],"ix":2},"p":{"a":0,"k":[46.239,13.15],"ix":3},"nm":"椭圆路径 12","mn":"ADBE Vector Shape - Ellipse","hd":false},{"ty":"mm","mm":2,"nm":"合并路径 1","mn":"ADBE Vector Filter - Merge","hd":false},{"ty":"fl","c":{"a":0,"k":[0.866469025612,0.891529977322,0.911857008934,1],"ix":4},"o":{"a":0,"k":100,"ix":5},"r":1,"bm":0,"nm":"填充 1","mn":"ADBE Vector Graphic - Fill","hd":false},{"ty":"tr","p":{"a":0,"k":[0,0],"ix":2},"a":{"a":0,"k":[0,0],"ix":1},"s":{"a":0,"k":[100,100],"ix":3},"r":{"a":0,"k":0,"ix":6},"o":{"a":0,"k":100,"ix":7},"sk":{"a":0,"k":0,"ix":4},"sa":{"a":0,"k":0,"ix":5},"nm":"变换"}],"nm":"形状结合","np":26,"cix":2,"bm":0,"ix":1,"mn":"ADBE Vector Group","hd":false}],"ip":0,"op":999,"st":0,"bm":0},{"ddd":0,"ind":21,"ty":4,"nm":"形状结合","parent":19,"sr":1,"ks":{"o":{"a":0,"k":100,"ix":11},"r":{"a":0,"k":0,"ix":10},"p":{"a":0,"k":[121.75,109.5,0],"ix":2},"a":{"a":0,"k":[0,0,0],"ix":1},"s":{"a":0,"k":[100,100,100],"ix":6}},"ao":0,"shapes":[{"ty":"gr","it":[{"ty":"rc","d":1,"s":{"a":0,"k":[112.5,23.5],"ix":2},"p":{"a":0,"k":[0,-58.75],"ix":3},"r":{"a":0,"k":1,"ix":4},"nm":"矩形路径 1","mn":"ADBE Vector Shape - Rect","hd":false},{"ty":"rc","d":1,"s":{"a":0,"k":[112.5,19.5],"ix":2},"p":{"a":0,"k":[0,-33.25],"ix":3},"r":{"a":0,"k":1,"ix":4},"nm":"矩形路径 2","mn":"ADBE Vector Shape - Rect","hd":false},{"ty":"rc","d":1,"s":{"a":0,"k":[112.5,19.5],"ix":2},"p":{"a":0,"k":[0,-9.75],"ix":3},"r":{"a":0,"k":1,"ix":4},"nm":"矩形路径 3","mn":"ADBE Vector Shape - Rect","hd":false},{"ty":"rc","d":1,"s":{"a":0,"k":[112.5,19.5],"ix":2},"p":{"a":0,"k":[0,60.75],"ix":3},"r":{"a":0,"k":1,"ix":4},"nm":"矩形路径 4","mn":"ADBE Vector Shape - Rect","hd":false},{"ty":"rc","d":1,"s":{"a":0,"k":[112.5,19.5],"ix":2},"p":{"a":0,"k":[0,37.25],"ix":3},"r":{"a":0,"k":1,"ix":4},"nm":"矩形路径 5","mn":"ADBE Vector Shape - Rect","hd":false},{"ty":"rc","d":1,"s":{"a":0,"k":[112.5,19.5],"ix":2},"p":{"a":0,"k":[0,13.75],"ix":3},"r":{"a":0,"k":1,"ix":4},"nm":"矩形路径 6","mn":"ADBE Vector Shape - Rect","hd":false},{"ty":"mm","mm":2,"nm":"合并路径 1","mn":"ADBE Vector Filter - Merge","hd":false},{"ty":"fl","c":{"a":0,"k":[1,1,1,1],"ix":4},"o":{"a":0,"k":100,"ix":5},"r":1,"bm":0,"nm":"填充 1","mn":"ADBE Vector Graphic - Fill","hd":false},{"ty":"tr","p":{"a":0,"k":[0,0],"ix":2},"a":{"a":0,"k":[0,0],"ix":1},"s":{"a":0,"k":[100,100],"ix":3},"r":{"a":0,"k":0,"ix":6},"o":{"a":0,"k":100,"ix":7},"sk":{"a":0,"k":0,"ix":4},"sa":{"a":0,"k":0,"ix":5},"nm":"变换"}],"nm":"形状结合","np":8,"cix":2,"bm":0,"ix":1,"mn":"ADBE Vector Group","hd":false}],"ip":0,"op":999,"st":0,"bm":0},{"ddd":0,"ind":22,"ty":4,"nm":"形状结合","parent":19,"sr":1,"ks":{"o":{"a":0,"k":100,"ix":11},"r":{"a":0,"k":0,"ix":10},"p":{"a":0,"k":[41,131.5,0],"ix":2},"a":{"a":0,"k":[0,0,0],"ix":1},"s":{"a":0,"k":[100,100,100],"ix":6}},"ao":0,"shapes":[{"ty":"gr","it":[{"ty":"rc","d":1,"s":{"a":0,"k":[17,13],"ix":2},"p":{"a":0,"k":[0,-33],"ix":3},"r":{"a":0,"k":1,"ix":4},"nm":"矩形路径 1","mn":"ADBE Vector Shape - Rect","hd":false},{"ty":"rc","d":1,"s":{"a":0,"k":[17,12.5],"ix":2},"p":{"a":0,"k":[0,-16.25],"ix":3},"r":{"a":0,"k":1,"ix":4},"nm":"矩形路径 2","mn":"ADBE Vector Shape - Rect","hd":false},{"ty":"rc","d":1,"s":{"a":0,"k":[17,12.5],"ix":2},"p":{"a":0,"k":[0,0.25],"ix":3},"r":{"a":0,"k":1,"ix":4},"nm":"矩形路径 3","mn":"ADBE Vector Shape - Rect","hd":false},{"ty":"rc","d":1,"s":{"a":0,"k":[17,12.5],"ix":2},"p":{"a":0,"k":[0,33.25],"ix":3},"r":{"a":0,"k":1,"ix":4},"nm":"矩形路径 4","mn":"ADBE Vector Shape - Rect","hd":false},{"ty":"rc","d":1,"s":{"a":0,"k":[17,12.5],"ix":2},"p":{"a":0,"k":[0,16.75],"ix":3},"r":{"a":0,"k":1,"ix":4},"nm":"矩形路径 5","mn":"ADBE Vector Shape - Rect","hd":false},{"ty":"mm","mm":2,"nm":"合并路径 1","mn":"ADBE Vector Filter - Merge","hd":false},{"ty":"fl","c":{"a":0,"k":[0.866469025612,0.891529977322,0.911857008934,1],"ix":4},"o":{"a":0,"k":100,"ix":5},"r":1,"bm":0,"nm":"填充 1","mn":"ADBE Vector Graphic - Fill","hd":false},{"ty":"tr","p":{"a":0,"k":[0,0],"ix":2},"a":{"a":0,"k":[0,0],"ix":1},"s":{"a":0,"k":[100,100],"ix":3},"r":{"a":0,"k":0,"ix":6},"o":{"a":0,"k":100,"ix":7},"sk":{"a":0,"k":0,"ix":4},"sa":{"a":0,"k":0,"ix":5},"nm":"变换"}],"nm":"形状结合","np":7,"cix":2,"bm":0,"ix":1,"mn":"ADBE Vector Group","hd":false}],"ip":0,"op":999,"st":0,"bm":0},{"ddd":0,"ind":23,"ty":4,"nm":"Background","parent":19,"sr":1,"ks":{"o":{"a":0,"k":100,"ix":11},"r":{"a":0,"k":0,"ix":10},"p":{"a":0,"k":[41,131.5,0],"ix":2},"a":{"a":0,"k":[0,0,0],"ix":1},"s":{"a":0,"k":[100,100,100],"ix":6}},"ao":0,"shapes":[{"ty":"gr","it":[{"ty":"rc","d":1,"s":{"a":0,"k":[35,97],"ix":2},"p":{"a":0,"k":[0,0],"ix":3},"r":{"a":0,"k":4,"ix":4},"nm":"矩形路径 1","mn":"ADBE Vector Shape - Rect","hd":false},{"ty":"fl","c":{"a":0,"k":[1,1,1,1],"ix":4},"o":{"a":0,"k":100,"ix":5},"r":1,"bm":0,"nm":"填充 1","mn":"ADBE Vector Graphic - Fill","hd":false},{"ty":"tr","p":{"a":0,"k":[0,0],"ix":2},"a":{"a":0,"k":[0,0],"ix":1},"s":{"a":0,"k":[100,100],"ix":3},"r":{"a":0,"k":0,"ix":6},"o":{"a":0,"k":100,"ix":7},"sk":{"a":0,"k":0,"ix":4},"sa":{"a":0,"k":0,"ix":5},"nm":"变换"}],"nm":"Background","np":2,"cix":2,"bm":0,"ix":1,"mn":"ADBE Vector Group","hd":false}],"ip":0,"op":999,"st":0,"bm":0},{"ddd":0,"ind":24,"ty":4,"nm":"形状结合","parent":19,"sr":1,"ks":{"o":{"a":0,"k":100,"ix":11},"r":{"a":0,"k":0,"ix":10},"p":{"a":0,"k":[29.5,24,0],"ix":2},"a":{"a":0,"k":[0,0,0],"ix":1},"s":{"a":0,"k":[100,100,100],"ix":6}},"ao":0,"shapes":[{"ty":"gr","it":[{"d":1,"ty":"el","s":{"a":0,"k":[4,4],"ix":2},"p":{"a":0,"k":[-6,0],"ix":3},"nm":"椭圆路径 1","mn":"ADBE Vector Shape - Ellipse","hd":false},{"d":1,"ty":"el","s":{"a":0,"k":[4,4],"ix":2},"p":{"a":0,"k":[0,0],"ix":3},"nm":"椭圆路径 2","mn":"ADBE Vector Shape - Ellipse","hd":false},{"d":1,"ty":"el","s":{"a":0,"k":[4,4],"ix":2},"p":{"a":0,"k":[6,0],"ix":3},"nm":"椭圆路径 3","mn":"ADBE Vector Shape - Ellipse","hd":false},{"ty":"mm","mm":2,"nm":"合并路径 1","mn":"ADBE Vector Filter - Merge","hd":false},{"ty":"fl","c":{"a":0,"k":[0.950707018375,0.950707018375,0.950707018375,1],"ix":4},"o":{"a":0,"k":100,"ix":5},"r":1,"bm":0,"nm":"填充 1","mn":"ADBE Vector Graphic - Fill","hd":false},{"ty":"tr","p":{"a":0,"k":[0,0],"ix":2},"a":{"a":0,"k":[0,0],"ix":1},"s":{"a":0,"k":[100,100],"ix":3},"r":{"a":0,"k":0,"ix":6},"o":{"a":0,"k":100,"ix":7},"sk":{"a":0,"k":0,"ix":4},"sa":{"a":0,"k":0,"ix":5},"nm":"变换"}],"nm":"形状结合","np":5,"cix":2,"bm":0,"ix":1,"mn":"ADBE Vector Group","hd":false}],"ip":0,"op":999,"st":0,"bm":0},{"ddd":0,"ind":25,"ty":4,"nm":"Header","parent":19,"sr":1,"ks":{"o":{"a":0,"k":100,"ix":11},"r":{"a":0,"k":0,"ix":10},"p":{"a":0,"k":[100.75,23.75,0],"ix":2},"a":{"a":0,"k":[0,0,0],"ix":1},"s":{"a":0,"k":[100,100,100],"ix":6}},"ao":0,"shapes":[{"ty":"gr","it":[{"ty":"rc","d":1,"s":{"a":0,"k":[167.5,13.5],"ix":2},"p":{"a":0,"k":[0,0],"ix":3},"r":{"a":0,"k":4,"ix":4},"nm":"矩形路径 1","mn":"ADBE Vector Shape - Rect","hd":false},{"ty":"fl","c":{"a":0,"k":[0.772041976452,0.811527013779,0.840906977654,1],"ix":4},"o":{"a":0,"k":100,"ix":5},"r":1,"bm":0,"nm":"填充 1","mn":"ADBE Vector Graphic - Fill","hd":false},{"ty":"tr","p":{"a":0,"k":[0,0],"ix":2},"a":{"a":0,"k":[0,0],"ix":1},"s":{"a":0,"k":[100,100],"ix":3},"r":{"a":0,"k":0,"ix":6},"o":{"a":0,"k":100,"ix":7},"sk":{"a":0,"k":0,"ix":4},"sa":{"a":0,"k":0,"ix":5},"nm":"变换"}],"nm":"Header","np":2,"cix":2,"bm":0,"ix":1,"mn":"ADBE Vector Group","hd":false}],"ip":0,"op":999,"st":0,"bm":0},{"ddd":0,"ind":26,"ty":4,"nm":"Background","parent":19,"sr":1,"ks":{"o":{"a":0,"k":100,"ix":11},"r":{"a":0,"k":0,"ix":10},"p":{"a":0,"k":[41,58.75,0],"ix":2},"a":{"a":0,"k":[0,0,0],"ix":1},"s":{"a":0,"k":[100,100,100],"ix":6}},"ao":0,"shapes":[{"ty":"gr","it":[{"ty":"rc","d":1,"s":{"a":0,"k":[35,40.5],"ix":2},"p":{"a":0,"k":[0,0],"ix":3},"r":{"a":0,"k":4,"ix":4},"nm":"矩形路径 1","mn":"ADBE Vector Shape - Rect","hd":false},{"ty":"fl","c":{"a":0,"k":[1,1,1,1],"ix":4},"o":{"a":0,"k":100,"ix":5},"r":1,"bm":0,"nm":"填充 1","mn":"ADBE Vector Graphic - Fill","hd":false},{"ty":"tr","p":{"a":0,"k":[0,0],"ix":2},"a":{"a":0,"k":[0,0],"ix":1},"s":{"a":0,"k":[100,100],"ix":3},"r":{"a":0,"k":0,"ix":6},"o":{"a":0,"k":100,"ix":7},"sk":{"a":0,"k":0,"ix":4},"sa":{"a":0,"k":0,"ix":5},"nm":"变换"}],"nm":"Background","np":2,"cix":2,"bm":0,"ix":1,"mn":"ADBE Vector Group","hd":false}],"ip":0,"op":999,"st":0,"bm":0},{"ddd":0,"ind":27,"ty":4,"nm":"Container","parent":19,"sr":1,"ks":{"o":{"a":0,"k":100,"ix":11},"r":{"a":0,"k":0,"ix":10},"p":{"a":0,"k":[100.75,103.5,0],"ix":2},"a":{"a":0,"k":[0,0,0],"ix":1},"s":{"a":0,"k":[100,100,100],"ix":6}},"ao":0,"shapes":[{"ty":"gr","it":[{"ty":"rc","d":1,"s":{"a":0,"k":[167.5,173],"ix":2},"p":{"a":0,"k":[0,0],"ix":3},"r":{"a":0,"k":4,"ix":4},"nm":"矩形路径 1","mn":"ADBE Vector Shape - Rect","hd":false},{"ty":"fl","c":{"a":0,"k":[0.950707018375,0.950707018375,0.950707018375,1],"ix":4},"o":{"a":0,"k":100,"ix":5},"r":1,"bm":0,"nm":"填充 1","mn":"ADBE Vector Graphic - Fill","hd":false},{"ty":"tr","p":{"a":0,"k":[0,0],"ix":2},"a":{"a":0,"k":[0,0],"ix":1},"s":{"a":0,"k":[100,100],"ix":3},"r":{"a":0,"k":0,"ix":6},"o":{"a":0,"k":100,"ix":7},"sk":{"a":0,"k":0,"ix":4},"sa":{"a":0,"k":0,"ix":5},"nm":"变换"}],"nm":"Container","np":2,"cix":2,"bm":0,"ix":1,"mn":"ADBE Vector Group","hd":false}],"ip":0,"op":999,"st":0,"bm":0},{"ddd":0,"ind":28,"ty":3,"nm":"▽ 编组 3","sr":1,"ks":{"o":{"a":0,"k":100,"ix":11},"r":{"a":0,"k":0,"ix":10},"p":{"a":1,"k":[{"i":{"x":0.667,"y":1},"o":{"x":0.333,"y":0},"t":61,"s":[154,144.5,0],"to":[1.833,0,0],"ti":[0,0,0]},{"i":{"x":0.667,"y":1},"o":{"x":0.333,"y":0},"t":229,"s":[165,144.5,0],"to":[0,0,0],"ti":[1.833,0,0]},{"t":415,"s":[154,144.5,0]}],"ix":2},"a":{"a":0,"k":[40,75.5,0],"ix":1},"s":{"a":0,"k":[100,100,100],"ix":6}},"ao":0,"ip":0,"op":999,"st":0,"bm":0},{"ddd":0,"ind":29,"ty":4,"nm":"形状结合","parent":28,"sr":1,"ks":{"o":{"a":0,"k":100,"ix":11},"r":{"a":0,"k":0,"ix":10},"p":{"a":0,"k":[39.75,65,0],"ix":2},"a":{"a":0,"k":[0,0,0],"ix":1},"s":{"a":0,"k":[100,100,100],"ix":6}},"ao":0,"shapes":[{"ty":"gr","it":[{"ty":"gr","it":[{"ty":"rc","d":1,"s":{"a":0,"k":[65.5,27],"ix":2},"p":{"a":0,"k":[0,-37.5],"ix":3},"r":{"a":0,"k":1,"ix":4},"nm":"矩形路径 1","mn":"ADBE Vector Shape - Rect","hd":false},{"ty":"rc","d":1,"s":{"a":0,"k":[65.5,21],"ix":2},"p":{"a":0,"k":[0,-9.5],"ix":3},"r":{"a":0,"k":1,"ix":4},"nm":"矩形路径 2","mn":"ADBE Vector Shape - Rect","hd":false},{"ty":"rc","d":1,"s":{"a":0,"k":[65.5,21],"ix":2},"p":{"a":0,"k":[0,15.5],"ix":3},"r":{"a":0,"k":1,"ix":4},"nm":"矩形路径 3","mn":"ADBE Vector Shape - Rect","hd":false},{"ty":"rc","d":1,"s":{"a":0,"k":[65.5,21],"ix":2},"p":{"a":0,"k":[0,40.5],"ix":3},"r":{"a":0,"k":1,"ix":4},"nm":"矩形路径 4","mn":"ADBE Vector Shape - Rect","hd":false},{"ty":"mm","mm":2,"nm":"合并路径 1","mn":"ADBE Vector Filter - Merge","hd":false},{"ty":"tr","p":{"a":0,"k":[0,0],"ix":2},"a":{"a":0,"k":[0,0],"ix":1},"s":{"a":0,"k":[100,100],"ix":3},"r":{"a":0,"k":0,"ix":6},"o":{"a":0,"k":100,"ix":7},"sk":{"a":0,"k":0,"ix":4},"sa":{"a":0,"k":0,"ix":5},"nm":"变换"}],"nm":"形状结合","np":5,"cix":2,"bm":0,"ix":1,"mn":"ADBE Vector Group","hd":false},{"ty":"gr","it":[{"ty":"rc","d":1,"s":{"a":0,"k":[36.5,4.05],"ix":2},"p":{"a":0,"k":[-10.5,-42.675],"ix":3},"r":{"a":0,"k":0.75,"ix":4},"nm":"矩形路径 1","mn":"ADBE Vector Shape - Rect","hd":false},{"ty":"rc","d":1,"s":{"a":0,"k":[24.5,4.05],"ix":2},"p":{"a":0,"k":[-16.5,-35.925],"ix":3},"r":{"a":0,"k":0.75,"ix":4},"nm":"矩形路径 2","mn":"ADBE Vector Shape - Rect","hd":false},{"ty":"gr","it":[{"d":1,"ty":"el","s":{"a":0,"k":[7,7],"ix":2},"p":{"a":0,"k":[0,0],"ix":3},"nm":"椭圆路径 1","mn":"ADBE Vector Shape - Ellipse","hd":false},{"d":1,"ty":"el","s":{"a":0,"k":[3,3],"ix":2},"p":{"a":0,"k":[0,0],"ix":3},"nm":"椭圆路径 2","mn":"ADBE Vector Shape - Ellipse","hd":false},{"ty":"mm","mm":5,"nm":"合并路径 1","mn":"ADBE Vector Filter - Merge","hd":false},{"ty":"tr","p":{"a":0,"k":[25.25,-39.3],"ix":2},"a":{"a":0,"k":[0,0],"ix":1},"s":{"a":0,"k":[100,100],"ix":3},"r":{"a":0,"k":0,"ix":6},"o":{"a":0,"k":100,"ix":7},"sk":{"a":0,"k":0,"ix":4},"sa":{"a":0,"k":0,"ix":5},"nm":"变换"}],"nm":"形状结合","np":3,"cix":2,"bm":0,"ix":3,"mn":"ADBE Vector Group","hd":false},{"ty":"rc","d":1,"s":{"a":0,"k":[36.5,3.15],"ix":2},"p":{"a":0,"k":[4.5,-13.925],"ix":3},"r":{"a":0,"k":0.75,"ix":4},"nm":"矩形路径 3","mn":"ADBE Vector Shape - Rect","hd":false},{"ty":"rc","d":1,"s":{"a":0,"k":[24.5,3.15],"ix":2},"p":{"a":0,"k":[-1.5,-8.675],"ix":3},"r":{"a":0,"k":0.75,"ix":4},"nm":"矩形路径 4","mn":"ADBE Vector Shape - Rect","hd":false},{"d":1,"ty":"el","s":{"a":0,"k":[12,12],"ix":2},"p":{"a":0,"k":[-22.75,-11.3],"ix":3},"nm":"椭圆路径 1","mn":"ADBE Vector Shape - Ellipse","hd":false},{"ty":"rc","d":1,"s":{"a":0,"k":[36.5,3.15],"ix":2},"p":{"a":0,"k":[-10.5,11.075],"ix":3},"r":{"a":0,"k":0.75,"ix":4},"nm":"矩形路径 5","mn":"ADBE Vector Shape - Rect","hd":false},{"ty":"rc","d":1,"s":{"a":0,"k":[24.5,3.15],"ix":2},"p":{"a":0,"k":[-16.5,16.325],"ix":3},"r":{"a":0,"k":0.75,"ix":4},"nm":"矩形路径 6","mn":"ADBE Vector Shape - Rect","hd":false},{"ty":"gr","it":[{"d":1,"ty":"el","s":{"a":0,"k":[7,7],"ix":2},"p":{"a":0,"k":[0,0],"ix":3},"nm":"椭圆路径 1","mn":"ADBE Vector Shape - Ellipse","hd":false},{"d":1,"ty":"el","s":{"a":0,"k":[3,3],"ix":2},"p":{"a":0,"k":[0,0],"ix":3},"nm":"椭圆路径 2","mn":"ADBE Vector Shape - Ellipse","hd":false},{"ty":"mm","mm":5,"nm":"合并路径 1","mn":"ADBE Vector Filter - Merge","hd":false},{"ty":"tr","p":{"a":0,"k":[25.25,13.7],"ix":2},"a":{"a":0,"k":[0,0],"ix":1},"s":{"a":0,"k":[100,100],"ix":3},"r":{"a":0,"k":0,"ix":6},"o":{"a":0,"k":100,"ix":7},"sk":{"a":0,"k":0,"ix":4},"sa":{"a":0,"k":0,"ix":5},"nm":"变换"}],"nm":"形状结合","np":3,"cix":2,"bm":0,"ix":9,"mn":"ADBE Vector Group","hd":false},{"ty":"rc","d":1,"s":{"a":0,"k":[36.5,3.15],"ix":2},"p":{"a":0,"k":[4.5,36.075],"ix":3},"r":{"a":0,"k":0.75,"ix":4},"nm":"矩形路径 7","mn":"ADBE Vector Shape - Rect","hd":false},{"ty":"rc","d":1,"s":{"a":0,"k":[24.5,3.15],"ix":2},"p":{"a":0,"k":[-1.5,41.325],"ix":3},"r":{"a":0,"k":0.75,"ix":4},"nm":"矩形路径 8","mn":"ADBE Vector Shape - Rect","hd":false},{"d":1,"ty":"el","s":{"a":0,"k":[12,12],"ix":2},"p":{"a":0,"k":[-22.75,38.7],"ix":3},"nm":"椭圆路径 2","mn":"ADBE Vector Shape - Ellipse","hd":false},{"ty":"mm","mm":2,"nm":"合并路径 1","mn":"ADBE Vector Filter - Merge","hd":false},{"ty":"tr","p":{"a":0,"k":[0.5,1.8],"ix":2},"a":{"a":0,"k":[0,0],"ix":1},"s":{"a":0,"k":[100,100],"ix":3},"r":{"a":0,"k":0,"ix":6},"o":{"a":0,"k":100,"ix":7},"sk":{"a":0,"k":0,"ix":4},"sa":{"a":0,"k":0,"ix":5},"nm":"变换"}],"nm":"形状结合","np":13,"cix":2,"bm":0,"ix":2,"mn":"ADBE Vector Group","hd":false},{"ty":"mm","mm":3,"nm":"合并路径 1","mn":"ADBE Vector Filter - Merge","hd":false},{"ty":"fl","c":{"a":0,"k":[1,1,1,1],"ix":4},"o":{"a":0,"k":100,"ix":5},"r":1,"bm":0,"nm":"填充 1","mn":"ADBE Vector Graphic - Fill","hd":false},{"ty":"tr","p":{"a":0,"k":[0,0],"ix":2},"a":{"a":0,"k":[0,0],"ix":1},"s":{"a":0,"k":[100,100],"ix":3},"r":{"a":0,"k":0,"ix":6},"o":{"a":0,"k":100,"ix":7},"sk":{"a":0,"k":0,"ix":4},"sa":{"a":0,"k":0,"ix":5},"nm":"变换"}],"nm":"形状结合","np":4,"cix":2,"bm":0,"ix":1,"mn":"ADBE Vector Group","hd":false}],"ip":0,"op":999,"st":0,"bm":0},{"ddd":0,"ind":30,"ty":4,"nm":"形状结合","parent":28,"sr":1,"ks":{"o":{"a":0,"k":100,"ix":11},"r":{"a":0,"k":0,"ix":10},"p":{"a":0,"k":[39.75,75.5,0],"ix":2},"a":{"a":0,"k":[0,0,0],"ix":1},"s":{"a":0,"k":[100,100,100],"ix":6}},"ao":0,"shapes":[{"ty":"gr","it":[{"ty":"gr","it":[{"ty":"rc","d":1,"s":{"a":0,"k":[79.5,151],"ix":2},"p":{"a":0,"k":[0,0],"ix":3},"r":{"a":0,"k":2,"ix":4},"nm":"矩形路径 1","mn":"ADBE Vector Shape - Rect","hd":false},{"d":1,"ty":"el","s":{"a":0,"k":[2,2],"ix":2},"p":{"a":0,"k":[-6.75,-66.5],"ix":3},"nm":"椭圆路径 1","mn":"ADBE Vector Shape - Ellipse","hd":false},{"ty":"rc","d":1,"s":{"a":0,"k":[10.5,2],"ix":2},"p":{"a":0,"k":[2,-66.5],"ix":3},"r":{"a":0,"k":0.5,"ix":4},"nm":"矩形路径 2","mn":"ADBE Vector Shape - Rect","hd":false},{"ty":"mm","mm":3,"nm":"合并路径 1","mn":"ADBE Vector Filter - Merge","hd":false},{"ty":"tr","p":{"a":0,"k":[0,0],"ix":2},"a":{"a":0,"k":[0,0],"ix":1},"s":{"a":0,"k":[100,100],"ix":3},"r":{"a":0,"k":0,"ix":6},"o":{"a":0,"k":100,"ix":7},"sk":{"a":0,"k":0,"ix":4},"sa":{"a":0,"k":0,"ix":5},"nm":"变换"}],"nm":"形状结合","np":4,"cix":2,"bm":0,"ix":1,"mn":"ADBE Vector Group","hd":false},{"d":1,"ty":"el","s":{"a":0,"k":[15,15],"ix":2},"p":{"a":0,"k":[-0.25,58.5],"ix":3},"nm":"椭圆路径 1","mn":"ADBE Vector Shape - Ellipse","hd":false},{"ty":"mm","mm":3,"nm":"合并路径 1","mn":"ADBE Vector Filter - Merge","hd":false},{"ty":"fl","c":{"a":0,"k":[0.866469025612,0.891529977322,0.911857008934,1],"ix":4},"o":{"a":0,"k":100,"ix":5},"r":1,"bm":0,"nm":"填充 1","mn":"ADBE Vector Graphic - Fill","hd":false},{"ty":"tr","p":{"a":0,"k":[0,0],"ix":2},"a":{"a":0,"k":[0,0],"ix":1},"s":{"a":0,"k":[100,100],"ix":3},"r":{"a":0,"k":0,"ix":6},"o":{"a":0,"k":100,"ix":7},"sk":{"a":0,"k":0,"ix":4},"sa":{"a":0,"k":0,"ix":5},"nm":"变换"}],"nm":"形状结合","np":4,"cix":2,"bm":0,"ix":1,"mn":"ADBE Vector Group","hd":false}],"ip":0,"op":999,"st":0,"bm":0},{"ddd":0,"ind":31,"ty":4,"nm":"形状结合","sr":1,"ks":{"o":{"a":0,"k":100,"ix":11},"r":{"a":0,"k":0,"ix":10},"p":{"a":0,"k":[103.75,198,0],"ix":2},"a":{"a":0,"k":[0,0,0],"ix":1},"s":{"a":0,"k":[100,100,100],"ix":6}},"ao":0,"shapes":[{"ty":"gr","it":[{"ind":0,"ty":"sh","ix":1,"ks":{"a":0,"k":{"i":[[0,0],[0.66,-0.04],[0.43,-0.31],[-0.07,-0.47],[-1.87,-1.77],[-3.9,-0.62],[-2.02,1.95],[-0.56,-3.06],[0.05,-1.53],[0.11,-0.98],[-0.17,-0.4],[-0.3,0.4],[-0.05,0.39],[-0.06,0.66],[0,1.08],[0.73,2.29],[3.56,3.06],[2.84,0.41],[1.79,0]],"o":[[-0.66,0],[-0.51,0.02],[-0.44,0.33],[0.37,2.5],[2.88,2.72],[2.74,0.43],[1.47,2.74],[0.28,1.51],[-0.03,0.99],[-0.04,0.42],[0.19,0.47],[0.25,-0.34],[0.08,-0.66],[0.09,-1.08],[-0.01,-2.41],[-1.41,-4.4],[-2.19,-1.89],[-1.77,-0.25],[0,0]],"v":[[-7.68,-20],[-9.66,-19.95],[-11.37,-19.72],[-11.71,-18.25],[-8.58,-11.77],[1.5,-7.05],[8.8,-9.17],[11.95,-0.34],[12.26,4.19],[12.07,7.14],[11.98,8.61],[13.13,8.73],[13.38,7.34],[13.6,5.36],[13.75,2.13],[12.47,-5],[5.21,-16.38],[-2.32,-19.45],[-7.68,-20]],"c":false},"ix":2},"nm":"路径 1","mn":"ADBE Vector Shape - Group","hd":false},{"ind":1,"ty":"sh","ix":2,"ks":{"a":0,"k":{"i":[[0,0],[2.28,-5.99],[0.33,-2.37],[0.31,-0.67],[-0.12,-0.33],[-0.22,-0.04],[-0.38,0.19],[-1.72,3.04],[-0.63,2.07],[-0.13,1.31],[0,0.51],[0.18,0.45],[-2.42,-0.94],[-1.04,-2.1],[-0.15,-0.59],[-0.19,-0.35],[0.09,0.79],[1.6,1.52],[2.84,0]],"o":[[-7.15,0],[-0.85,2.26],[-0.1,0.76],[-0.11,0.25],[0.08,0.21],[0.45,0.08],[3.2,-1.6],[1.06,-1.88],[0.38,-1.26],[0.05,-0.52],[0,-0.52],[2.39,-0.9],[2.23,0.86],[0.27,0.54],[0.1,0.38],[0.45,0.84],[-0.25,-2.19],[-2.02,-1.92],[0,0]],"v":[[2.54,-2.5],[-11.71,9.25],[-13.1,16.36],[-13.47,18.95],[-13.72,19.62],[-13.28,19.99],[-11.81,19.39],[-4.79,12.27],[-2.02,6.37],[-1.28,2.48],[-1.18,0.92],[-1.6,-0.32],[5.9,-0.53],[11.03,4.11],[11.66,5.82],[11.95,7.05],[13.24,6.54],[10.14,0.63],[2.54,-2.5]],"c":false},"ix":2},"nm":"路径 2","mn":"ADBE Vector Shape - Group","hd":false},{"ty":"mm","mm":2,"nm":"合并路径 1","mn":"ADBE Vector Filter - Merge","hd":false},{"ty":"fl","c":{"a":0,"k":[0.536509990692,0.773445010185,0.799771010876,1],"ix":4},"o":{"a":0,"k":100,"ix":5},"r":1,"bm":0,"nm":"填充 1","mn":"ADBE Vector Graphic - Fill","hd":false},{"ty":"tr","p":{"a":0,"k":[0,0],"ix":2},"a":{"a":0,"k":[0,0],"ix":1},"s":{"a":0,"k":[100,100],"ix":3},"r":{"a":0,"k":0,"ix":6},"o":{"a":0,"k":100,"ix":7},"sk":{"a":0,"k":0,"ix":4},"sa":{"a":0,"k":0,"ix":5},"nm":"变换"}],"nm":"形状结合","np":4,"cix":2,"bm":0,"ix":1,"mn":"ADBE Vector Group","hd":false}],"ip":0,"op":999,"st":0,"bm":0},{"ddd":0,"ind":32,"ty":3,"nm":"▽ 编组 3备份","sr":1,"ks":{"o":{"a":0,"k":100,"ix":11},"r":{"a":0,"k":0,"ix":10},"p":{"a":1,"k":[{"i":{"x":0.667,"y":1},"o":{"x":0.333,"y":0},"t":156,"s":[139,121.5,0],"to":[2,0,0],"ti":[0,0,0]},{"i":{"x":0.667,"y":1},"o":{"x":0.333,"y":0},"t":330,"s":[151,121.5,0],"to":[0,0,0],"ti":[2,0,0]},{"t":521,"s":[139,121.5,0]}],"ix":2},"a":{"a":0,"k":[40,75.5,0],"ix":1},"s":{"a":0,"k":[100,100,100],"ix":6}},"ao":0,"ip":0,"op":999,"st":0,"bm":0},{"ddd":0,"ind":33,"ty":4,"nm":"形状结合","parent":32,"sr":1,"ks":{"o":{"a":0,"k":100,"ix":11},"r":{"a":0,"k":0,"ix":10},"p":{"a":0,"k":[39.75,65,0],"ix":2},"a":{"a":0,"k":[0,0,0],"ix":1},"s":{"a":0,"k":[100,100,100],"ix":6}},"ao":0,"shapes":[{"ty":"gr","it":[{"ty":"gr","it":[{"ty":"rc","d":1,"s":{"a":0,"k":[65.5,27],"ix":2},"p":{"a":0,"k":[0,-37.5],"ix":3},"r":{"a":0,"k":1,"ix":4},"nm":"矩形路径 1","mn":"ADBE Vector Shape - Rect","hd":false},{"ty":"rc","d":1,"s":{"a":0,"k":[65.5,21],"ix":2},"p":{"a":0,"k":[0,-9.5],"ix":3},"r":{"a":0,"k":1,"ix":4},"nm":"矩形路径 2","mn":"ADBE Vector Shape - Rect","hd":false},{"ty":"rc","d":1,"s":{"a":0,"k":[65.5,21],"ix":2},"p":{"a":0,"k":[0,15.5],"ix":3},"r":{"a":0,"k":1,"ix":4},"nm":"矩形路径 3","mn":"ADBE Vector Shape - Rect","hd":false},{"ty":"rc","d":1,"s":{"a":0,"k":[65.5,21],"ix":2},"p":{"a":0,"k":[0,40.5],"ix":3},"r":{"a":0,"k":1,"ix":4},"nm":"矩形路径 4","mn":"ADBE Vector Shape - Rect","hd":false},{"ty":"mm","mm":2,"nm":"合并路径 1","mn":"ADBE Vector Filter - Merge","hd":false},{"ty":"tr","p":{"a":0,"k":[0,0],"ix":2},"a":{"a":0,"k":[0,0],"ix":1},"s":{"a":0,"k":[100,100],"ix":3},"r":{"a":0,"k":0,"ix":6},"o":{"a":0,"k":100,"ix":7},"sk":{"a":0,"k":0,"ix":4},"sa":{"a":0,"k":0,"ix":5},"nm":"变换"}],"nm":"形状结合","np":5,"cix":2,"bm":0,"ix":1,"mn":"ADBE Vector Group","hd":false},{"ty":"gr","it":[{"ty":"rc","d":1,"s":{"a":0,"k":[36.5,4.05],"ix":2},"p":{"a":0,"k":[-10.5,-42.675],"ix":3},"r":{"a":0,"k":0.75,"ix":4},"nm":"矩形路径 1","mn":"ADBE Vector Shape - Rect","hd":false},{"ty":"rc","d":1,"s":{"a":0,"k":[24.5,4.05],"ix":2},"p":{"a":0,"k":[-16.5,-35.925],"ix":3},"r":{"a":0,"k":0.75,"ix":4},"nm":"矩形路径 2","mn":"ADBE Vector Shape - Rect","hd":false},{"ty":"gr","it":[{"d":1,"ty":"el","s":{"a":0,"k":[7,7],"ix":2},"p":{"a":0,"k":[0,0],"ix":3},"nm":"椭圆路径 1","mn":"ADBE Vector Shape - Ellipse","hd":false},{"d":1,"ty":"el","s":{"a":0,"k":[3,3],"ix":2},"p":{"a":0,"k":[0,0],"ix":3},"nm":"椭圆路径 2","mn":"ADBE Vector Shape - Ellipse","hd":false},{"ty":"mm","mm":5,"nm":"合并路径 1","mn":"ADBE Vector Filter - Merge","hd":false},{"ty":"tr","p":{"a":0,"k":[25.25,-39.3],"ix":2},"a":{"a":0,"k":[0,0],"ix":1},"s":{"a":0,"k":[100,100],"ix":3},"r":{"a":0,"k":0,"ix":6},"o":{"a":0,"k":100,"ix":7},"sk":{"a":0,"k":0,"ix":4},"sa":{"a":0,"k":0,"ix":5},"nm":"变换"}],"nm":"形状结合","np":3,"cix":2,"bm":0,"ix":3,"mn":"ADBE Vector Group","hd":false},{"ty":"rc","d":1,"s":{"a":0,"k":[36.5,3.15],"ix":2},"p":{"a":0,"k":[4.5,-13.925],"ix":3},"r":{"a":0,"k":0.75,"ix":4},"nm":"矩形路径 3","mn":"ADBE Vector Shape - Rect","hd":false},{"ty":"rc","d":1,"s":{"a":0,"k":[24.5,3.15],"ix":2},"p":{"a":0,"k":[-1.5,-8.675],"ix":3},"r":{"a":0,"k":0.75,"ix":4},"nm":"矩形路径 4","mn":"ADBE Vector Shape - Rect","hd":false},{"d":1,"ty":"el","s":{"a":0,"k":[12,12],"ix":2},"p":{"a":0,"k":[-22.75,-11.3],"ix":3},"nm":"椭圆路径 1","mn":"ADBE Vector Shape - Ellipse","hd":false},{"ty":"rc","d":1,"s":{"a":0,"k":[36.5,3.15],"ix":2},"p":{"a":0,"k":[-10.5,11.075],"ix":3},"r":{"a":0,"k":0.75,"ix":4},"nm":"矩形路径 5","mn":"ADBE Vector Shape - Rect","hd":false},{"ty":"rc","d":1,"s":{"a":0,"k":[24.5,3.15],"ix":2},"p":{"a":0,"k":[-16.5,16.325],"ix":3},"r":{"a":0,"k":0.75,"ix":4},"nm":"矩形路径 6","mn":"ADBE Vector Shape - Rect","hd":false},{"ty":"gr","it":[{"d":1,"ty":"el","s":{"a":0,"k":[7,7],"ix":2},"p":{"a":0,"k":[0,0],"ix":3},"nm":"椭圆路径 1","mn":"ADBE Vector Shape - Ellipse","hd":false},{"d":1,"ty":"el","s":{"a":0,"k":[3,3],"ix":2},"p":{"a":0,"k":[0,0],"ix":3},"nm":"椭圆路径 2","mn":"ADBE Vector Shape - Ellipse","hd":false},{"ty":"mm","mm":5,"nm":"合并路径 1","mn":"ADBE Vector Filter - Merge","hd":false},{"ty":"tr","p":{"a":0,"k":[25.25,13.7],"ix":2},"a":{"a":0,"k":[0,0],"ix":1},"s":{"a":0,"k":[100,100],"ix":3},"r":{"a":0,"k":0,"ix":6},"o":{"a":0,"k":100,"ix":7},"sk":{"a":0,"k":0,"ix":4},"sa":{"a":0,"k":0,"ix":5},"nm":"变换"}],"nm":"形状结合","np":3,"cix":2,"bm":0,"ix":9,"mn":"ADBE Vector Group","hd":false},{"ty":"rc","d":1,"s":{"a":0,"k":[36.5,3.15],"ix":2},"p":{"a":0,"k":[4.5,36.075],"ix":3},"r":{"a":0,"k":0.75,"ix":4},"nm":"矩形路径 7","mn":"ADBE Vector Shape - Rect","hd":false},{"ty":"rc","d":1,"s":{"a":0,"k":[24.5,3.15],"ix":2},"p":{"a":0,"k":[-1.5,41.325],"ix":3},"r":{"a":0,"k":0.75,"ix":4},"nm":"矩形路径 8","mn":"ADBE Vector Shape - Rect","hd":false},{"d":1,"ty":"el","s":{"a":0,"k":[12,12],"ix":2},"p":{"a":0,"k":[-22.75,38.7],"ix":3},"nm":"椭圆路径 2","mn":"ADBE Vector Shape - Ellipse","hd":false},{"ty":"mm","mm":2,"nm":"合并路径 1","mn":"ADBE Vector Filter - Merge","hd":false},{"ty":"tr","p":{"a":0,"k":[0.5,1.8],"ix":2},"a":{"a":0,"k":[0,0],"ix":1},"s":{"a":0,"k":[100,100],"ix":3},"r":{"a":0,"k":0,"ix":6},"o":{"a":0,"k":100,"ix":7},"sk":{"a":0,"k":0,"ix":4},"sa":{"a":0,"k":0,"ix":5},"nm":"变换"}],"nm":"形状结合","np":13,"cix":2,"bm":0,"ix":2,"mn":"ADBE Vector Group","hd":false},{"ty":"mm","mm":3,"nm":"合并路径 1","mn":"ADBE Vector Filter - Merge","hd":false},{"ty":"fl","c":{"a":0,"k":[1,1,1,1],"ix":4},"o":{"a":0,"k":100,"ix":5},"r":1,"bm":0,"nm":"填充 1","mn":"ADBE Vector Graphic - Fill","hd":false},{"ty":"tr","p":{"a":0,"k":[0,0],"ix":2},"a":{"a":0,"k":[0,0],"ix":1},"s":{"a":0,"k":[100,100],"ix":3},"r":{"a":0,"k":0,"ix":6},"o":{"a":0,"k":100,"ix":7},"sk":{"a":0,"k":0,"ix":4},"sa":{"a":0,"k":0,"ix":5},"nm":"变换"}],"nm":"形状结合","np":4,"cix":2,"bm":0,"ix":1,"mn":"ADBE Vector Group","hd":false}],"ip":0,"op":999,"st":0,"bm":0},{"ddd":0,"ind":34,"ty":4,"nm":"形状结合","parent":32,"sr":1,"ks":{"o":{"a":0,"k":100,"ix":11},"r":{"a":0,"k":0,"ix":10},"p":{"a":0,"k":[39.75,75.5,0],"ix":2},"a":{"a":0,"k":[0,0,0],"ix":1},"s":{"a":0,"k":[100,100,100],"ix":6}},"ao":0,"shapes":[{"ty":"gr","it":[{"ty":"gr","it":[{"ty":"rc","d":1,"s":{"a":0,"k":[79.5,151],"ix":2},"p":{"a":0,"k":[0,0],"ix":3},"r":{"a":0,"k":2,"ix":4},"nm":"矩形路径 1","mn":"ADBE Vector Shape - Rect","hd":false},{"d":1,"ty":"el","s":{"a":0,"k":[2,2],"ix":2},"p":{"a":0,"k":[-6.75,-66.5],"ix":3},"nm":"椭圆路径 1","mn":"ADBE Vector Shape - Ellipse","hd":false},{"ty":"rc","d":1,"s":{"a":0,"k":[10.5,2],"ix":2},"p":{"a":0,"k":[2,-66.5],"ix":3},"r":{"a":0,"k":0.5,"ix":4},"nm":"矩形路径 2","mn":"ADBE Vector Shape - Rect","hd":false},{"ty":"mm","mm":3,"nm":"合并路径 1","mn":"ADBE Vector Filter - Merge","hd":false},{"ty":"tr","p":{"a":0,"k":[0,0],"ix":2},"a":{"a":0,"k":[0,0],"ix":1},"s":{"a":0,"k":[100,100],"ix":3},"r":{"a":0,"k":0,"ix":6},"o":{"a":0,"k":100,"ix":7},"sk":{"a":0,"k":0,"ix":4},"sa":{"a":0,"k":0,"ix":5},"nm":"变换"}],"nm":"形状结合","np":4,"cix":2,"bm":0,"ix":1,"mn":"ADBE Vector Group","hd":false},{"d":1,"ty":"el","s":{"a":0,"k":[15,15],"ix":2},"p":{"a":0,"k":[-0.25,58.5],"ix":3},"nm":"椭圆路径 1","mn":"ADBE Vector Shape - Ellipse","hd":false},{"ty":"mm","mm":3,"nm":"合并路径 1","mn":"ADBE Vector Filter - Merge","hd":false},{"ty":"fl","c":{"a":0,"k":[0.9161850214,0.9161850214,0.9161850214,1],"ix":4},"o":{"a":0,"k":100,"ix":5},"r":1,"bm":0,"nm":"填充 1","mn":"ADBE Vector Graphic - Fill","hd":false},{"ty":"tr","p":{"a":0,"k":[0,0],"ix":2},"a":{"a":0,"k":[0,0],"ix":1},"s":{"a":0,"k":[100,100],"ix":3},"r":{"a":0,"k":0,"ix":6},"o":{"a":0,"k":100,"ix":7},"sk":{"a":0,"k":0,"ix":4},"sa":{"a":0,"k":0,"ix":5},"nm":"变换"}],"nm":"形状结合","np":4,"cix":2,"bm":0,"ix":1,"mn":"ADBE Vector Group","hd":false}],"ip":0,"op":999,"st":0,"bm":0},{"ddd":0,"ind":35,"ty":3,"nm":"▽ Background Shape 2","sr":1,"ks":{"o":{"a":0,"k":100,"ix":11},"r":{"a":0,"k":0,"ix":10},"p":{"a":0,"k":[197.5,251.5,0],"ix":2},"a":{"a":0,"k":[165.5,58.5,0],"ix":1},"s":{"a":0,"k":[100,100,100],"ix":6}},"ao":0,"ip":0,"op":999,"st":0,"bm":0},{"ddd":0,"ind":36,"ty":4,"nm":"Background Shape","parent":35,"sr":1,"ks":{"o":{"a":0,"k":100,"ix":11},"r":{"a":0,"k":0,"ix":10},"p":{"a":0,"k":[165.5,58.5,0],"ix":2},"a":{"a":0,"k":[0,0,0],"ix":1},"s":{"a":0,"k":[100,100,100],"ix":6}},"ao":0,"shapes":[{"ty":"gr","it":[{"ind":0,"ty":"sh","ix":1,"ks":{"a":0,"k":{"i":[[-4.83,-32.67],[100.72,14.87],[-48.06,30.94]],"o":[[4.82,32.66],[-100.71,-14.86],[48.05,-30.94]],"v":[[165.36,14.58],[-47.55,53.67],[-146.4,-50.19]],"c":true},"ix":2},"nm":"路径 1","mn":"ADBE Vector Shape - Group","hd":false},{"ty":"fl","c":{"a":0,"k":[0.866469025612,0.891529977322,0.911857008934,1],"ix":4},"o":{"a":0,"k":100,"ix":5},"r":1,"bm":0,"nm":"填充 1","mn":"ADBE Vector Graphic - Fill","hd":false},{"ty":"tr","p":{"a":0,"k":[0,0],"ix":2},"a":{"a":0,"k":[0,0],"ix":1},"s":{"a":0,"k":[100,100],"ix":3},"r":{"a":0,"k":0,"ix":6},"o":{"a":0,"k":100,"ix":7},"sk":{"a":0,"k":0,"ix":4},"sa":{"a":0,"k":0,"ix":5},"nm":"变换"}],"nm":"Background Shape","np":2,"cix":2,"bm":0,"ix":1,"mn":"ADBE Vector Group","hd":false}],"ip":0,"op":999,"st":0,"bm":0},{"ddd":0,"ind":37,"ty":4,"nm":"形状结合","sr":1,"ks":{"o":{"a":0,"k":42,"ix":11},"r":{"a":1,"k":[{"i":{"x":[0.667],"y":[1]},"o":{"x":[0.333],"y":[0]},"t":91,"s":[0]},{"i":{"x":[0.667],"y":[1]},"o":{"x":[0.333],"y":[0]},"t":231,"s":[9]},{"i":{"x":[0.667],"y":[1]},"o":{"x":[0.333],"y":[0]},"t":385,"s":[0]},{"i":{"x":[0.667],"y":[1]},"o":{"x":[0.333],"y":[0]},"t":704,"s":[0]},{"i":{"x":[0.667],"y":[1]},"o":{"x":[0.333],"y":[0]},"t":844,"s":[9]},{"t":998,"s":[0]}],"ix":10},"p":{"a":0,"k":[118.504,188.363,0],"ix":2},"a":{"a":0,"k":[58.123,52.959,0],"ix":1},"s":{"a":0,"k":[100,100,100],"ix":6}},"ao":0,"shapes":[{"ty":"gr","it":[{"ty":"gr","it":[{"ind":0,"ty":"sh","ix":1,"ks":{"a":0,"k":{"i":[[0,0],[0.97,-0.05],[0.63,-0.45],[-0.1,-0.68],[-2.74,-2.58],[-5.73,-0.9],[-2.96,2.85],[-0.83,-4.46],[0.08,-2.25],[0.16,-1.43],[-0.24,-0.59],[-0.43,0.59],[-0.07,0.58],[-0.08,0.97],[0.01,1.57],[1.08,3.35],[5.22,4.48],[4.17,0.6],[2.62,0]],"o":[[-0.97,0],[-0.74,0.04],[-0.65,0.48],[0.54,3.64],[4.22,3.98],[4.02,0.63],[2.16,4],[0.4,2.2],[-0.04,1.43],[-0.06,0.62],[0.29,0.69],[0.36,-0.49],[0.12,-0.96],[0.13,-1.56],[-0.02,-3.53],[-2.07,-6.42],[-3.2,-2.75],[-2.59,-0.37],[0,0]],"v":[[-4.764,17.144],[-7.674,17.214],[-10.174,17.554],[-10.674,19.694],[-6.084,29.144],[8.696,36.034],[19.386,32.944],[24.016,45.824],[24.466,52.444],[24.186,56.734],[24.046,58.884],[25.736,59.054],[26.106,57.024],[26.426,54.134],[26.646,49.434],[24.766,39.024],[14.126,22.414],[3.086,17.954],[-4.764,17.144]],"c":false},"ix":2},"nm":"路径 1","mn":"ADBE Vector Shape - Group","hd":false},{"ty":"tr","p":{"a":0,"k":[0,0],"ix":2},"a":{"a":0,"k":[0,0],"ix":1},"s":{"a":0,"k":[100,100],"ix":3},"r":{"a":0,"k":-39,"ix":6},"o":{"a":0,"k":100,"ix":7},"sk":{"a":0,"k":0,"ix":4},"sa":{"a":0,"k":0,"ix":5},"nm":"变换"}],"nm":"组 1","np":1,"cix":2,"bm":0,"ix":1,"mn":"ADBE Vector Group","hd":false},{"ty":"gr","it":[{"ind":0,"ty":"sh","ix":1,"ks":{"a":0,"k":{"i":[[0,0],[1.52,6.15],[1.05,3.58],[-0.07,-0.45],[0.43,1.06],[0.38,1.23],[0.82,2.36],[0.98,2.61],[1.08,2.11],[0.58,1.18],[-0.01,0],[-0.17,-0.28],[-0.43,-0.88],[-0.46,0.95],[-0.33,0],[0.19,-0.36],[0.1,-0.31],[-0.14,-0.45],[-0.34,-0.8],[-0.45,-0.66],[-0.89,-2.45],[-0.46,1.13],[-0.24,0],[0.15,-0.34],[0.22,-0.66],[-0.28,-0.73],[-0.81,-2.76],[-0.31,4.47],[0.78,3.13],[1.86,3.88],[3.6,3.53],[2.18,1.5],[1.24,0.41],[0.58,0.1],[0.37,-0.11],[1.74,-2.55],[0.57,-2.83],[-0.54,-3.18],[-0.72,-2.36],[-8.01,-4.6],[-2.96,-0.46],[-0.7,-0.04],[-0.34,-0.2],[-0.2,-0.58],[-1.26,-4.48],[-0.89,-4.87],[-0.31,-2.08],[-0.47,-0.42],[-0.18,0.33],[0.08,0.64]],"o":[[-0.79,-6.27],[-0.9,-3.62],[0.09,0.45],[-0.37,-1.06],[-0.49,-1.19],[-0.73,-2.39],[-0.91,-2.64],[-0.83,-2.22],[-0.59,-1.16],[-0.19,-0.39],[0.28,0],[0.5,0.84],[0.18,-1.04],[0.14,-0.29],[0.16,0],[-0.16,0.3],[-0.16,0.5],[0.24,0.83],[0.19,0.43],[1.17,2.27],[0.19,-1.2],[0.11,-0.27],[0.28,0],[-0.27,0.64],[-0.25,0.71],[1.01,2.69],[4.71,-2.06],[0.22,-3.22],[-1.04,-4.17],[-2.17,-4.51],[-1.88,-1.85],[-1.06,-0.73],[-0.56,-0.19],[-0.44,-0.08],[-2.99,0.82],[-1.65,2.42],[-0.63,3.16],[0.42,2.42],[2.55,8.37],[2.6,1.49],[0.69,0.11],[0.48,0.03],[0.48,0.29],[1.56,4.38],[1.35,4.76],[0.38,2.07],[0.08,0.49],[0.3,0.27],[0.31,-0.57],[0,0]],"v":[[17.365,32.958],[14.215,14.298],[11.115,3.548],[11.365,4.898],[9.805,1.748],[8.545,-1.902],[6.315,-9.052],[3.365,-16.892],[0.675,-23.552],[-1.025,-27.122],[-2.865,-31.912],[-1.385,-29.672],[-0.035,-27.082],[0.905,-30.092],[2.375,-32.562],[0.845,-28.102],[0.295,-27.122],[0.355,-26.292],[1.485,-23.852],[2.585,-21.292],[5.465,-13.802],[6.435,-17.292],[7.645,-20.062],[6.715,-15.722],[5.805,-13.802],[6.265,-11.712],[8.965,-3.542],[14.915,-16.132],[13.855,-25.762],[9.195,-37.842],[0.435,-49.922],[-5.765,-54.882],[-9.165,-56.632],[-10.875,-57.052],[-12.585,-57.432],[-19.555,-52.682],[-22.805,-44.532],[-23.045,-35.002],[-21.195,-27.842],[-6.175,-5.892],[2.255,-3.072],[4.345,-2.822],[6.725,-2.912],[7.675,-0.452],[11.895,12.848],[15.205,27.288],[16.265,33.498],[16.735,35.928],[17.635,35.758],[17.365,32.958]],"c":false},"ix":2},"nm":"路径 1","mn":"ADBE Vector Shape - Group","hd":false},{"ty":"tr","p":{"a":0,"k":[0,0],"ix":2},"a":{"a":0,"k":[0,0],"ix":1},"s":{"a":0,"k":[100,100],"ix":3},"r":{"a":0,"k":-37,"ix":6},"o":{"a":0,"k":100,"ix":7},"sk":{"a":0,"k":0,"ix":4},"sa":{"a":0,"k":0,"ix":5},"nm":"变换"}],"nm":"组 2","np":1,"cix":2,"bm":0,"ix":2,"mn":"ADBE Vector Group","hd":false},{"ty":"gr","it":[{"ind":0,"ty":"sh","ix":1,"ks":{"a":0,"k":{"i":[[0,0],[-0.05,0.79],[-0.16,0],[-0.07,-0.23]],"o":[[-0.21,-0.76],[0.02,-0.2],[0.38,0],[0,0]],"v":[[-4.868,0.887],[-5.148,-1.453],[-4.798,-3.113],[-4.868,0.887]],"c":false},"ix":2},"nm":"路径 1","mn":"ADBE Vector Shape - Group","hd":false},{"ind":1,"ty":"sh","ix":2,"ks":{"a":0,"k":{"i":[[0,0],[-0.14,-0.24],[-0.32,-0.47],[0.36,0.97]],"o":[[0.02,0.01],[0.29,0.49],[-0.6,-0.78],[0,0]],"v":[[-11.48,4.174],[-10.9,5.224],[-9.98,6.674],[-11.48,4.174]],"c":false},"ix":2},"nm":"路径 2","mn":"ADBE Vector Shape - Group","hd":false},{"ind":2,"ty":"sh","ix":3,"ks":{"a":0,"k":{"i":[[0,0],[0.42,-0.41],[0.43,0.02],[0.35,0.05],[0.74,-0.06],[1.48,-0.59],[2.06,-1.87],[1.55,-4.05],[-0.88,-2.61],[-1,-0.98],[-0.24,-0.27],[0.24,-0.59],[0.27,-0.65],[0.5,-1.76],[0.1,-0.59],[-0.35,-0.46],[-0.02,0.4],[-0.05,0.35],[-0.25,0.84],[-0.34,0.89],[-0.34,0.83],[-0.19,0.45],[-0.17,-0.14],[-0.51,0.92],[-0.72,1.07],[-0.59,0.72],[-0.4,0.38],[-0.3,0],[0.09,-0.14],[0.4,-0.51],[0.62,-1.02],[-0.22,0.09],[-0.53,0.14],[-0.92,0],[0.29,-0.12],[0.47,-0.14],[0.45,-0.1],[0.4,-0.23],[0.1,-0.06],[0.02,-0.02],[0.2,-0.35],[0.51,-0.92],[-0.14,-0.23],[-0.27,-0.09],[-1.06,0.18],[-1.55,1.22],[-1.48,7.43],[3.58,1.61]],"o":[[0.35,-0.3],[-0.34,0.34],[-0.35,-0.01],[-0.74,-0.09],[-1.6,0.11],[-2.58,1.04],[-3.27,2.97],[-0.96,2.5],[0.43,1.3],[0.26,0.26],[0.38,0.42],[-0.27,0.65],[-0.69,1.68],[-0.17,0.57],[-0.07,0.45],[0.59,0.76],[0.01,-0.35],[0.11,-0.88],[0.28,-0.92],[0.32,-0.83],[0.19,-0.46],[0.07,-0.16],[0.38,-0.98],[0.62,-1.12],[0.51,-0.78],[0.35,-0.42],[0.22,-0.21],[-0.13,0],[-0.37,0.53],[-0.74,0.94],[0.18,0.11],[0.5,-0.22],[0.93,-0.25],[-0.28,0],[-0.45,0.19],[-0.43,0.14],[-0.44,0.09],[-0.03,0.02],[-0.09,0.06],[-0.33,0.24],[-0.52,0.92],[-0.16,0.29],[0.15,0.25],[1.01,0.34],[1.98,-0.32],[5.94,-4.65],[0.62,-3.08],[0,0]],"v":[[10.96,-19.74],[10.7,-20.38],[9.92,-20.1],[8.85,-20.27],[6.63,-20.34],[1.99,-19.26],[-5.26,-15.02],[-12.7,-3.94],[-13.3,3.69],[-11.18,7.21],[-10.33,7.93],[-10.28,8.8],[-11.08,10.74],[-12.94,15.89],[-13.33,17.64],[-13.45,20.25],[-12.59,19.44],[-12.5,18.39],[-11.94,15.81],[-10.97,13.1],[-9.98,10.61],[-9.41,9.24],[-9.14,8.89],[-7.64,6.06],[-5.66,2.75],[-4.01,0.5],[-2.89,-0.69],[-1.63,-1.79],[-2.43,-0.52],[-3.59,1.03],[-5.65,3.96],[-4.5,3.48],[-2.95,2.94],[0.04,2.41],[-1.15,2.97],[-2.53,3.48],[-3.85,3.82],[-5.5,4.15],[-5.6,4.46],[-5.99,4.52],[-6.75,5.84],[-8.28,8.61],[-8.51,9.32],[-7.39,9.81],[-4.29,10.08],[0.96,7.68],[13.26,-10.25],[10.96,-19.74]],"c":false},"ix":2},"nm":"路径 3","mn":"ADBE Vector Shape - Group","hd":false},{"ty":"mm","mm":1,"nm":"合并路径 1","mn":"ADBE Vector Filter - Merge","hd":false},{"ty":"tr","p":{"a":0,"k":[0.29,10.619],"ix":2},"a":{"a":0,"k":[0,0],"ix":1},"s":{"a":0,"k":[100,100],"ix":3},"r":{"a":0,"k":0,"ix":6},"o":{"a":0,"k":100,"ix":7},"sk":{"a":0,"k":0,"ix":4},"sa":{"a":0,"k":0,"ix":5},"nm":"变换"}],"nm":"Leave the Leaf!","np":4,"cix":2,"bm":0,"ix":3,"mn":"ADBE Vector Group","hd":false},{"ty":"mm","mm":2,"nm":"合并路径 1","mn":"ADBE Vector Filter - Merge","hd":false},{"ty":"fl","c":{"a":0,"k":[0.537254989147,0.77254897356,0.800000011921,1],"ix":4},"o":{"a":0,"k":100,"ix":5},"r":1,"bm":0,"nm":"填充 1","mn":"ADBE Vector Graphic - Fill","hd":false},{"ty":"tr","p":{"a":0,"k":[0,0],"ix":2},"a":{"a":0,"k":[0,0],"ix":1},"s":{"a":0,"k":[100,100],"ix":3},"r":{"a":0,"k":0,"ix":6},"o":{"a":0,"k":100,"ix":7},"sk":{"a":0,"k":0,"ix":4},"sa":{"a":0,"k":0,"ix":5},"nm":"变换"}],"nm":"形状结合","np":5,"cix":2,"bm":0,"ix":1,"mn":"ADBE Vector Group","hd":false}],"ip":0,"op":999,"st":0,"bm":0},{"ddd":0,"ind":38,"ty":4,"nm":"形状结合","sr":1,"ks":{"o":{"a":0,"k":100,"ix":11},"r":{"a":0,"k":0,"ix":10},"p":{"a":0,"k":[326,191,0],"ix":2},"a":{"a":0,"k":[0,0,0],"ix":1},"s":{"a":0,"k":[100,100,100],"ix":6}},"ao":0,"shapes":[{"ty":"gr","it":[{"ind":0,"ty":"sh","ix":1,"ks":{"a":0,"k":{"i":[[0,0],[0.29,0.05],[1.24,0],[3.78,-0.66],[2.39,0.76],[3.95,-1.89],[1.6,-3.54],[0.28,-1.32],[0.11,-0.28],[0.24,-0.8],[-0.31,-0.15],[0.36,-0.97],[0.37,-2.99],[-0.13,-1.11],[-0.37,-0.42],[0.09,0.59],[-1.56,4.23],[-1.85,2.27],[-2.06,1.22],[-2.66,1.21],[-1.8,0.69],[-0.44,0],[-0.9,-0.26],[-3.08,-0.43],[-1.85,0.66],[-0.39,0.25],[-1.13,0.96],[-0.54,0.65],[0,0.21],[-0.02,0.09],[0.79,-0.04]],"o":[[-0.26,-0.2],[-1.22,-0.24],[-3.85,0.01],[-2.4,0.41],[-4.16,-1.32],[-3.61,1.72],[-0.24,0.53],[-0.12,0.28],[-0.29,0.78],[-0.1,0.35],[-0.49,0.91],[-1.07,2.83],[-0.14,1.11],[0.07,0.55],[0.79,0.89],[-0.68,-4.51],[1.01,-2.74],[1.5,-1.83],[2.51,-1.49],[1.75,-0.79],[0.4,-0.15],[0.94,0],[2.99,0.84],[1.98,0.28],[0.19,-0.07],[1.37,-0.53],[0.65,-0.55],[0.16,-0.19],[0.12,-0.06],[0.13,-0.64],[0,0]],"v":[[31.61,-79.33],[30.42,-79.65],[26.69,-80],[15.15,-78.96],[7.45,-77.91],[-4.86,-77.28],[-12.81,-68.74],[-14.31,-64.92],[-14.65,-64.09],[-15.44,-61.71],[-15.5,-60.46],[-16.79,-57.64],[-19.39,-48.72],[-19.41,-45.38],[-19,-43.31],[-17.89,-44.25],[-15.7,-57.22],[-11.19,-64.73],[-6.02,-69.23],[1.84,-73.13],[7.15,-75.38],[8.62,-75.92],[11.79,-74.97],[20.88,-72.61],[26.56,-73.3],[27.45,-73.79],[31.25,-75.94],[33.03,-77.86],[33.27,-78.49],[33.49,-78.72],[31.61,-79.33]],"c":false},"ix":2},"nm":"路径 1","mn":"ADBE Vector Shape - Group","hd":false},{"ind":1,"ty":"sh","ix":2,"ks":{"a":0,"k":{"i":[[0,0],[1.74,-0.03],[5.96,-7.05],[1,-7.54],[0.06,-0.75],[0.02,-0.14],[-0.24,-0.45],[0.63,-2],[-1.16,-6.21],[-0.68,3.36],[-0.05,0.19],[0,0.02],[-0.38,0.98],[0,0.01],[-0.06,0.13],[-0.12,0.27],[-0.03,0.09],[-0.49,1.41],[-0.13,0.32],[-0.01,0.02],[-0.42,0.84],[-0.19,0.38],[-0.09,0.28],[-0.25,0.47],[0,-0.01],[-0.24,0.45],[-0.05,0.1],[-0.08,0.15],[-0.9,1.42],[-0.15,0.57],[-0.01,0.02],[-2.69,2],[0.19,-0.23],[0.61,-0.68],[0.95,-1.34],[1.41,-2.61],[0.01,-0.02],[0.51,-1],[-2.08,0.83],[-1.95,1.09],[-2.45,1.84],[-2.07,2.51],[-1.39,3.6],[-0.32,1.87],[-0.02,0.09],[-0.25,0.68],[1.72,0.38]],"o":[[-1.71,-0.37],[-9.31,0.12],[-5.06,6],[-0.1,0.75],[-0.01,0.16],[-0.39,0.35],[-0.87,1.9],[-1.85,5.91],[0.27,-3.42],[0.04,-0.19],[0,-0.02],[0.24,-1.03],[0,-0.01],[0.05,-0.13],[0.11,-0.27],[0.04,-0.09],[0.56,-1.36],[0.12,-0.32],[0.01,-0.01],[0.35,-0.86],[0.22,-0.17],[0.04,-0.08],[0.24,-0.47],[-0.01,0],[0.24,-0.45],[0.05,-0.1],[0.09,-0.16],[0.82,-1.46],[0.32,-0.5],[0,-0.02],[1.95,-2.74],[-0.32,0.35],[-0.56,0.73],[-1.1,1.22],[-1.73,2.43],[-0.01,0.02],[-0.71,0.88],[2.02,-0.94],[2.07,-0.83],[2.58,-1.44],[2.79,-1.73],[2.46,-2.97],[0.68,-1.77],[0.02,-0.08],[0.33,-0.64],[0.38,-1.07],[0,0]],"v":[[26.99,-61.17],[21.66,-61.48],[-2.76,-49.9],[-10.22,-28.9],[-10.42,-26.65],[-10.47,-26.21],[-10.83,-25],[-13.07,-19.15],[-15.64,-1],[-14.12,-11.28],[-13.99,-11.86],[-13.98,-11.92],[-13.04,-14.93],[-13.03,-14.96],[-12.87,-15.35],[-12.53,-16.15],[-12.42,-16.42],[-11.13,-20.73],[-10.75,-21.69],[-10.73,-21.74],[-9.57,-24.28],[-9.04,-25.24],[-8.59,-26.1],[-7.86,-27.51],[-7.88,-27.5],[-7.15,-28.85],[-6.99,-29.14],[-6.73,-29.61],[-4.15,-33.92],[-2.91,-35.71],[-2.9,-35.77],[3.98,-43.04],[2.78,-41.26],[1.01,-39.18],[-2.1,-35.36],[-6.74,-27.75],[-6.78,-27.7],[-8.45,-24.5],[-2.11,-26.88],[3.92,-29.72],[11.63,-34.63],[18.85,-41.26],[24.95,-50.82],[26.49,-56.31],[26.54,-56.57],[27.41,-58.55],[26.99,-61.17]],"c":false},"ix":2},"nm":"路径 2","mn":"ADBE Vector Shape - Group","hd":false},{"ind":2,"ty":"sh","ix":3,"ks":{"a":0,"k":{"i":[[0,0],[2.36,0],[7.49,-5.1],[3.24,-3.71],[1.18,-2.57],[0.37,-1.87],[0.16,-2.31],[-1.52,-0.08],[-0.01,-0.1],[1.88,-5.71],[0.95,-5.14],[0.39,-6.86],[0.05,-1.48],[0.04,-1.26],[-0.22,-1.4],[-0.04,1.22],[-0.06,1.47],[-0.09,1.95],[-4.6,12.8],[-2.74,4.79],[-2.96,3.79],[-3.53,3.13],[-3.24,2.06],[-4.46,2],[-2.34,1],[-0.4,0.21],[1.08,0.73]],"o":[[-1.97,-1.34],[-9.22,0],[-4.1,2.79],[-1.87,2.13],[-0.79,1.73],[-0.45,2.27],[-0.07,0.91],[-0.01,0.12],[-3.29,5.14],[-1.64,4.96],[-1.24,6.77],[-0.08,1.48],[-0.04,1.26],[-0.04,1.41],[0.2,1.22],[0.06,-1.47],[0.09,-1.95],[0.67,-13.55],[1.86,-5.18],[2.41,-4.21],[2.88,-3.69],[2.86,-2.53],[4.12,-2.61],[2.31,-1.05],[0.42,-0.18],[1.35,-0.7],[0,0]],"v":[[30.49,-28.31],[23.54,-30],[-1.83,-21.48],[-12.84,-11.43],[-17.56,-4.41],[-19.27,1],[-20.24,7.9],[-19.32,13.72],[-19.32,14.05],[-26.52,30.92],[-30.57,46.03],[-33.02,66.52],[-33.21,70.95],[-33.34,74.73],[-33.41,79.17],[-32.11,78.99],[-32,74.58],[-31.73,68.73],[-23.97,29.04],[-17.23,14.17],[-8.96,2.09],[0.45,-8.34],[9.7,-15.14],[22.38,-22.3],[29.39,-25.28],[30.66,-25.84],[30.49,-28.31]],"c":false},"ix":2},"nm":"路径 3","mn":"ADBE Vector Shape - Group","hd":false},{"ty":"gr","it":[{"ind":0,"ty":"sh","ix":1,"ks":{"a":0,"k":{"i":[[0,0],[3.45,-1.48],[2.63,-1.85],[2.04,-4.01],[-0.82,-2.61],[-3.49,0.54],[-1.64,1.34],[-1.29,2.14],[-1.8,3.66],[-1.02,1.65],[-0.76,0.6],[0.66,0.73],[-1.87,-9.22],[-0.15,-0.86],[-0.49,-0.35],[0.04,0.34],[0.13,0.86],[3.5,3.37],[5.66,0]],"o":[[-3.74,0],[-2.97,1.28],[-3.7,2.6],[-1.22,2.4],[0.96,3.07],[2.15,-0.34],[1.96,-1.61],[2.12,-3.51],[0.85,-1.74],[0.51,-0.82],[0.41,-0.33],[9.7,0.13],[0.17,0.86],[0.09,0.55],[1.08,0.77],[-0.12,-0.87],[-0.73,-4.72],[-4.01,-3.85],[0,0]],"v":[[0.59,19],[-9.92,20.97],[-18.23,25.8],[-26.89,35.43],[-28.18,43.83],[-21.08,48.93],[-15.31,45.82],[-10.49,40.14],[-5.33,29.02],[-2.64,23.88],[-0.83,21.65],[0.65,20.03],[20.8,36.82],[21.25,39.41],[21.79,42.32],[22.37,40.41],[21.99,37.81],[15.66,25.34],[0.59,19]],"c":false},"ix":2},"nm":"路径 1","mn":"ADBE Vector Shape - Group","hd":false},{"ty":"tr","p":{"a":0,"k":[0,0],"ix":2},"a":{"a":0,"k":[0,0],"ix":1},"s":{"a":0,"k":[-100,100],"ix":3},"r":{"a":0,"k":0,"ix":6},"o":{"a":0,"k":100,"ix":7},"sk":{"a":0,"k":0,"ix":4},"sa":{"a":0,"k":0,"ix":5},"nm":"变换"}],"nm":"组 1","np":1,"cix":2,"bm":0,"ix":4,"mn":"ADBE Vector Group","hd":false},{"ty":"mm","mm":2,"nm":"合并路径 1","mn":"ADBE Vector Filter - Merge","hd":false},{"ty":"fl","c":{"a":0,"k":[0.536509990692,0.773445010185,0.799771010876,1],"ix":4},"o":{"a":0,"k":100,"ix":5},"r":1,"bm":0,"nm":"填充 1","mn":"ADBE Vector Graphic - Fill","hd":false},{"ty":"tr","p":{"a":0,"k":[0,0],"ix":2},"a":{"a":0,"k":[0,0],"ix":1},"s":{"a":0,"k":[100,100],"ix":3},"r":{"a":0,"k":0,"ix":6},"o":{"a":0,"k":100,"ix":7},"sk":{"a":0,"k":0,"ix":4},"sa":{"a":0,"k":0,"ix":5},"nm":"变换"}],"nm":"形状结合","np":6,"cix":2,"bm":0,"ix":1,"mn":"ADBE Vector Group","hd":false}],"ip":0,"op":999,"st":0,"bm":0}],"markers":[]}