{"v":"5.9.1","fr":29.9700012207031,"ip":0,"op":300.00001221925,"w":360,"h":640,"nm":"BG","ddd":0,"assets":[],"layers":[{"ddd":0,"ind":1,"ty":4,"nm":"gradient_2","sr":1,"ks":{"o":{"a":0,"k":70,"ix":11},"r":{"a":0,"k":-7,"ix":10},"p":{"a":1,"k":[{"i":{"x":0.667,"y":1},"o":{"x":0.333,"y":0},"t":0,"s":[316.59,252.012,0],"to":[0,13.333,0],"ti":[0,0,0]},{"i":{"x":0.667,"y":1},"o":{"x":0.333,"y":0},"t":150,"s":[316.59,332.012,0],"to":[0,0,0],"ti":[0,13.333,0]},{"t":299.00001217852,"s":[316.59,252.012,0]}],"ix":2,"l":2},"a":{"a":0,"k":[-15.301,168.012,0],"ix":1,"l":2},"s":{"a":0,"k":[351,149.362,100],"ix":6,"l":2}},"ao":0,"hasMask":true,"masksProperties":[{"inv":false,"mode":"a","pt":{"a":0,"k":{"i":[[0,0],[0,0],[0,0],[0,0]],"o":[[0,0],[0,0],[0,0],[0,0]],"v":[[-109.562,73.75],[-109.562,262.273],[-8.485,279.043],[3.29,55.695]],"c":true},"ix":1},"o":{"a":0,"k":100,"ix":3},"x":{"a":0,"k":0,"ix":4},"nm":"Mask 1"}],"shapes":[{"ty":"gr","it":[{"d":1,"ty":"el","s":{"a":0,"k":[188.523,188.523],"ix":2},"p":{"a":0,"k":[0,0],"ix":3},"nm":"Ellipse Path 1","mn":"ADBE Vector Shape - Ellipse","hd":false},{"ty":"gf","o":{"a":0,"k":100,"ix":10},"r":1,"bm":0,"g":{"p":5,"k":{"a":0,"k":[0,0,0.639,0.894,0.482,0,0.596,0.851,0.712,0,0.553,0.808,0.91,0,0.276,0.404,1,0,0,0,0,1,0.493,0.635,0.714,0.27,0.856,0.135,1,0],"ix":9}},"s":{"a":0,"k":[-4.406,6.481],"ix":5},"e":{"a":0,"k":[100,0],"ix":6},"t":2,"h":{"a":0,"k":0,"ix":7},"a":{"a":0,"k":0,"ix":8},"nm":"Gradient Fill 1","mn":"ADBE Vector Graphic - G-Fill","hd":false},{"ty":"tr","p":{"a":0,"k":[-15.301,168.012],"ix":2},"a":{"a":0,"k":[0,0],"ix":1},"s":{"a":0,"k":[100,100],"ix":3},"r":{"a":0,"k":0,"ix":6},"o":{"a":0,"k":100,"ix":7},"sk":{"a":0,"k":0,"ix":4},"sa":{"a":0,"k":0,"ix":5},"nm":"Transform"}],"nm":"Ellipse 1","np":3,"cix":2,"bm":0,"ix":1,"mn":"ADBE Vector Group","hd":false}],"ip":0,"op":300.00001221925,"st":0,"bm":0},{"ddd":0,"ind":2,"ty":4,"nm":"gradient_1","sr":1,"ks":{"o":{"a":0,"k":70,"ix":11},"r":{"a":0,"k":7,"ix":10},"p":{"a":1,"k":[{"i":{"x":0.667,"y":1},"o":{"x":0.333,"y":0},"t":0,"s":[-8.41,340.012,0],"to":[0,-11.667,0],"ti":[0,0,0]},{"i":{"x":0.667,"y":1},"o":{"x":0.333,"y":0},"t":150,"s":[-8.41,270.012,0],"to":[0,0,0],"ti":[0,-11.667,0]},{"t":299.00001217852,"s":[-8.41,340.012,0]}],"ix":2,"l":2},"a":{"a":0,"k":[-15.301,168.012,0],"ix":1,"l":2},"s":{"a":0,"k":[-351,149.362,100],"ix":6,"l":2}},"ao":0,"hasMask":true,"masksProperties":[{"inv":false,"mode":"a","pt":{"a":0,"k":{"i":[[0,0],[0,0],[0,0],[0,0]],"o":[[0,0],[0,0],[0,0],[0,0]],"v":[[-109.562,73.75],[-109.562,262.273],[-22.418,261.282],[-12.19,63.795]],"c":true},"ix":1},"o":{"a":0,"k":100,"ix":3},"x":{"a":0,"k":0,"ix":4},"nm":"Mask 1"}],"shapes":[{"ty":"gr","it":[{"d":1,"ty":"el","s":{"a":0,"k":[188.523,188.523],"ix":2},"p":{"a":0,"k":[0,0],"ix":3},"nm":"Ellipse Path 1","mn":"ADBE Vector Shape - Ellipse","hd":false},{"ty":"gs","o":{"a":0,"k":100,"ix":9},"w":{"a":0,"k":5,"ix":10},"g":{"p":3,"k":{"a":0,"k":[0.307,0,0,0,0.65,0.5,0.5,0.5,0.993,1,1,1,0,0,0.5,0,1,0],"ix":8}},"s":{"a":0,"k":[0,0],"ix":4},"e":{"a":0,"k":[100,0],"ix":5},"t":2,"h":{"a":0,"k":0,"ix":6},"a":{"a":0,"k":0,"ix":7},"lc":1,"lj":1,"ml":4,"ml2":{"a":0,"k":4,"ix":13},"bm":0,"nm":"Gradient Stroke 1","mn":"ADBE Vector Graphic - G-Stroke","hd":false},{"ty":"gf","o":{"a":0,"k":100,"ix":10},"r":1,"bm":0,"g":{"p":5,"k":{"a":0,"k":[0,0.004,0.941,1,0.246,0.002,0.79,0.947,0.782,0,0.639,0.894,0.891,0,0.32,0.447,1,0,0,0,0,1,0.391,0.595,0.783,0.19,0.891,0.095,1,0],"ix":9}},"s":{"a":0,"k":[0,0],"ix":5},"e":{"a":0,"k":[100,0],"ix":6},"t":2,"h":{"a":0,"k":0,"ix":7},"a":{"a":0,"k":0,"ix":8},"nm":"Gradient Fill 1","mn":"ADBE Vector Graphic - G-Fill","hd":false},{"ty":"tr","p":{"a":0,"k":[-15.301,168.012],"ix":2},"a":{"a":0,"k":[0,0],"ix":1},"s":{"a":0,"k":[100,100],"ix":3},"r":{"a":0,"k":0,"ix":6},"o":{"a":0,"k":100,"ix":7},"sk":{"a":0,"k":0,"ix":4},"sa":{"a":0,"k":0,"ix":5},"nm":"Transform"}],"nm":"Ellipse 1","np":3,"cix":2,"bm":0,"ix":1,"mn":"ADBE Vector Group","hd":false},{"ty":"gs","o":{"a":0,"k":100,"ix":9},"w":{"a":0,"k":5,"ix":10},"g":{"p":3,"k":{"a":0,"k":[0.307,0,0,0,0.65,0.5,0.5,0.5,0.993,1,1,1,0,0,0.5,0,1,0],"ix":8}},"s":{"a":0,"k":[0,0],"ix":4},"e":{"a":0,"k":[100,0],"ix":5},"t":2,"h":{"a":0,"k":0,"ix":6},"a":{"a":0,"k":0,"ix":7},"lc":1,"lj":1,"ml":4,"ml2":{"a":0,"k":4,"ix":13},"bm":0,"nm":"Gradient Stroke 1","mn":"ADBE Vector Graphic - G-Stroke","hd":false}],"ip":0,"op":300.00001221925,"st":0,"bm":0},{"ddd":0,"ind":3,"ty":1,"nm":"Black Solid 5","sr":1,"ks":{"o":{"a":0,"k":100,"ix":11},"r":{"a":0,"k":0,"ix":10},"p":{"a":0,"k":[180,320,0],"ix":2,"l":2},"a":{"a":0,"k":[180,320,0],"ix":1,"l":2},"s":{"a":0,"k":[100,100,100],"ix":6,"l":2}},"ao":0,"sw":360,"sh":640,"sc":"#000000","ip":0,"op":300.00001221925,"st":0,"bm":0}],"markers":[]}